date,horizon,target,model,transform,unit_label,forecast_transform_baseline,forecast_transform_scenario,impact_transform_delta,forecast_level_baseline,forecast_level_scenario,impact_level_delta,impact_level_pct_delta
2025-01-31,1,CSI_CCSI,ARIMAX,diff,unit_change,-1.8081899322945447,-1.8081899322945447,0.0,86.09181006770547,86.09181006770547,0.0,0.0
2025-02-28,2,CSI_CCSI,ARIMAX,diff,unit_change,-0.7913284359015158,-0.7913284359015158,0.0,85.30048163180395,85.30048163180395,0.0,0.0
2025-03-31,3,CSI_CCSI,ARIMAX,diff,unit_change,0.11837249754604931,0.11837249754604931,0.0,85.41885412935,85.41885412935,0.0,0.0
2025-04-30,4,CSI_CCSI,ARIMAX,diff,unit_change,0.3462464233211654,0.3462464233211654,0.0,85.76510055267116,85.76510055267116,0.0,0.0
2025-05-31,5,CSI_CCSI,ARIMAX,diff,unit_change,-0.15959231314055153,-3.205598442568933,-3.046006129428381,85.60550823953061,82.55950211010223,-3.0460061294283776,-3.5581894110194696
2025-06-30,6,CSI_CCSI,ARIMAX,diff,unit_change,2.6797107076937063,2.6797107076937063,0.0,88.28521894722431,85.23921281779593,-3.0460061294283776,-3.450188112745394
2025-07-31,7,CSI_CCSI,ARIMAX,diff,unit_change,0.8954834217060651,0.8954834217060651,0.0,89.18070236893037,86.13469623950199,-3.0460061294283776,-3.4155440005702116
2025-08-31,8,CSI_CCSI,ARIMAX,diff,unit_change,1.0679322912873137,1.0679322912873137,0.0,90.24863466021769,87.20262853078931,-3.0460061294283776,-3.375127104023748
2025-09-30,9,CSI_CCSI,ARIMAX,diff,unit_change,-0.7266882893532384,-0.7266882893532384,0.0,89.52194637086446,86.47594024143608,-3.0460061294283776,-3.4025244679216686
2025-10-31,10,CSI_CCSI,ARIMAX,diff,unit_change,0.07477516318577546,0.07477516318577546,0.0,89.59672153405023,86.55071540462185,-3.0460061294283776,-3.39968480684952
2025-11-30,11,CSI_CCSI,ARIMAX,diff,unit_change,-1.3880918219790257,-1.3880918219790257,0.0,88.2086297120712,85.16262358264282,-3.0460061294283776,-3.453183820416538
2025-12-31,12,CSI_CCSI,ARIMAX,diff,unit_change,-0.3912002963297288,-0.3912002963297288,0.0,87.81742941574147,84.7714232863131,-3.0460061294283776,-3.4685667181262017
2026-01-31,13,CSI_CCSI,ARIMAX,diff,unit_change,-1.4009812511657296,-1.4009812511657296,0.0,86.41644816457574,83.37044203514736,-3.0460061294283776,-3.5247990331972607
2026-02-28,14,CSI_CCSI,ARIMAX,diff,unit_change,0.1828246591435539,0.1828246591435539,0.0,86.59927282371929,83.55326669429091,-3.0460061294283776,-3.517357629120975
2026-03-31,15,CSI_CCSI,ARIMAX,diff,unit_change,0.6516359214644833,0.6516359214644833,0.0,87.25090874518378,84.2049026157554,-3.0460061294283776,-3.49108814250203
2024-12-31,1,Imports,ARIMAX,log_diff,log_change,0.0008820316392079107,0.0008820316392079107,0.0,50763747.490630545,50763747.490630545,0.0,0.0
2025-01-31,2,Imports,ARIMAX,log_diff,log_change,-0.016338775223332495,-0.016338775223332495,0.0,49941069.11091769,49941069.11091769,0.0,0.0
2025-02-28,3,Imports,ARIMAX,log_diff,log_change,-0.008067829041106063,-0.008067829041106063,0.0,49539774.06977854,49539774.06977854,0.0,0.0
2025-03-31,4,Imports,ARIMAX,log_diff,log_change,-0.0012150626526241089,-0.0012150626526241089,0.0,49479616.695377626,49479616.695377626,0.0,0.0
2025-04-30,5,Imports,ARIMAX,log_diff,log_change,0.0006944815831628816,0.0006944815831628816,0.0,49513991.3128023,49513991.3128023,0.0,0.0
2025-05-31,6,Imports,ARIMAX,log_diff,log_change,-0.0027554816392795496,-0.02486567822596457,-0.02211019658668502,49377744.218242854,48297973.545265056,-1079770.6729777977,-2.1867557744342463
2025-06-30,7,Imports,ARIMAX,log_diff,log_change,0.018049207819709888,0.018049207819709888,0.0,50277064.984539695,49177628.362774216,-1099436.6217654794,-2.1867557744342445
2025-07-31,8,Imports,ARIMAX,log_diff,log_change,0.005269051890024699,0.005269051890024699,0.0,50542676.59498813,49437431.6959936,-1105244.8989945278,-2.1867557744342436
2025-08-31,9,Imports,ARIMAX,log_diff,log_change,0.006671039645148656,0.006671039645148656,0.0,50880975.94390559,49768333.26436374,-1112642.6795418486,-2.186755774434233
2025-09-30,10,Imports,ARIMAX,log_diff,log_change,-0.006223769775172561,-0.006223769775172561,0.0,50565287.867670566,49459548.51536499,-1105739.3523055762,-2.1867557744342276
2025-10-31,11,Imports,ARIMAX,log_diff,log_change,-0.0002903494964491306,-0.0002903494964491306,0.0,50550608.39299255,49445190.044947155,-1105418.3480453938,-2.1867557744342196
2025-11-30,12,Imports,ARIMAX,log_diff,log_change,-0.010807268340348935,-0.010807268340348935,0.0,50007235.87829105,48913699.76008758,-1093536.1182034686,-2.1867557744342165
2025-12-31,13,Imports,ARIMAX,log_diff,log_change,-0.0034818218811236623,-0.0034818218811236623,0.0,49833422.359648004,48743687.11860021,-1089735.2410477921,-2.186755774434211
2026-01-31,14,Imports,ARIMAX,log_diff,log_change,-0.010733201513269213,-0.010733201513269213,0.0,49301410.3985357,48223308.95976821,-1078101.4387674853,-2.1867557744342054
2026-02-28,15,Imports,ARIMAX,log_diff,log_change,0.0008320538947388233,0.0008320538947388233,0.0,49342448.8998287,48263450.04926445,-1078998.8505642489,-2.1867557744342005
2026-03-31,16,Imports,ARIMAX,log_diff,log_change,0.004295445790944315,0.004295445790944315,0.0,49554852.5719143,48471208.97178561,-1083643.600128688,-2.1867557744341943
2024-12-31,1,KOSPI,ARIMAX,log_diff,log_change,-0.0077261406472402885,-0.0077261406472402885,0.0,2484.919660507934,2484.919660507934,0.0,0.0
2025-01-31,2,KOSPI,ARIMAX,log_diff,log_change,-0.010330512639883787,-0.010330512639883787,0.0,2459.381305813562,2459.381305813562,0.0,0.0
2025-02-28,3,KOSPI,ARIMAX,log_diff,log_change,-0.005595712542833178,-0.005595712542833178,0.0,2445.6577473464536,2445.6577473464536,0.0,0.0
2025-03-31,4,KOSPI,ARIMAX,log_diff,log_change,-0.000817243260316634,-0.000817243260316634,0.0,2443.6598665239085,2443.6598665239085,0.0,0.0
2025-04-30,5,KOSPI,ARIMAX,log_diff,log_change,0.0004721730300692445,0.0004721730300692445,0.0,2444.813969254193,2444.813969254193,0.0,0.0
2025-05-31,6,KOSPI,ARIMAX,log_diff,log_change,-0.0018795010120613595,-0.016962568119123507,-0.015083067107062148,2440.223254402684,2403.693387060053,-36.52986734263095,-1.4969887397279438
2025-06-30,7,KOSPI,ARIMAX,log_diff,log_change,0.012312721439195299,0.012312721439195299,0.0,2470.4547778150395,2433.4723479710774,-36.98242984396211,-1.4969887397279427
2025-07-31,8,KOSPI,ARIMAX,log_diff,log_change,0.003594430673519905,0.003594430673519905,0.0,2479.3506344380985,2442.235034622187,-37.11559981591154,-1.4969887397279384
2025-08-31,9,KOSPI,ARIMAX,log_diff,log_change,0.004550828968135438,0.004550828968135438,0.0,2490.659447848133,2453.3745563688763,-37.28489147925666,-1.496988739727941
2025-09-30,10,KOSPI,ARIMAX,log_diff,log_change,-0.004245712358176543,-0.004245712358176543,0.0,2480.1072409193102,2442.980314789571,-37.12692612973933,-1.4969887397279387
2025-10-31,11,KOSPI,ARIMAX,log_diff,log_change,-0.00019806975753721432,-0.00019806975753721432,0.0,2479.6160553255468,2442.496482188837,-37.11957313670973,-1.4969887397279469
2025-11-30,12,KOSPI,ARIMAX,log_diff,log_change,-0.00737246966270051,-0.00737246966270051,0.0,2461.402383551517,2424.5554670303554,-36.84691652116135,-1.4969887397279409
2025-12-31,13,KOSPI,ARIMAX,log_diff,log_change,-0.00237521873174158,-0.00237521873174158,0.0,2455.5629522124436,2418.8034513208927,-36.75950089155094,-1.4969887397279271
2026-01-31,14,KOSPI,ARIMAX,log_diff,log_change,-0.007321942980582347,-0.007321942980582347,0.0,2437.6491223427793,2401.157789467231,-36.49133287554832,-1.4969887397279384
2026-02-28,15,KOSPI,ARIMAX,log_diff,log_change,0.0005676080120624235,0.0005676080120624235,0.0,2439.0331442690267,2402.5210927410867,-36.51205152794,-1.4969887397279544
2026-03-31,16,KOSPI,ARIMAX,log_diff,log_change,0.002930254232049693,0.002930254232049693,0.0,2446.190612942165,2409.5714149141386,-36.6191980280264,-1.496988739727953
2024-12-31,1,Industrial_Production,ARIMAX,log_diff,log_change,-0.0007539460292821495,-0.0007539460292821495,0.0,113.41445937623531,113.41445937623531,0.0,0.0
2025-01-31,2,Industrial_Production,ARIMAX,log_diff,log_change,-0.0015297231625890921,-0.0015297231625890921,0.0,113.24109928103749,113.24109928103749,0.0,0.0
2025-02-28,3,Industrial_Production,ARIMAX,log_diff,log_change,-0.0038540182903209833,-0.0038540182903209833,0.0,112.80550594470711,112.80550594470711,0.0,0.0
2025-03-31,4,Industrial_Production,ARIMAX,log_diff,log_change,-0.0019812477189172298,-0.0019812477189172298,0.0,112.58223154735379,112.58223154735379,0.0,0.0
2025-04-30,5,Industrial_Production,ARIMAX,log_diff,log_change,-0.00029651643234813275,-0.00029651643234813275,0.0,112.54885401444761,112.54885401444761,0.0,0.0
2025-05-31,6,Industrial_Production,ARIMAX,log_diff,log_change,0.00016992849527728085,0.00016992849527728085,0.0,112.56798089691063,112.56798089691063,0.0,0.0
2025-06-30,7,Industrial_Production,ARIMAX,log_diff,log_change,-0.000674280694509602,-0.006084807307811182,-0.00541052661330158,112.49210406458833,111.88510611181002,-0.6069979527783147,-0.5395916076294577
2025-07-31,8,Industrial_Production,ARIMAX,log_diff,log_change,0.004416773150449953,0.004416773150449953,0.0,112.99005502818429,112.38037017379631,-0.6096848543879787,-0.539591607629449
2025-08-31,9,Industrial_Production,ARIMAX,log_diff,log_change,0.0012893755404442058,0.0012893755404442058,0.0,113.135835604209,112.52536413006725,-0.610471474141761,-0.5395916076294481
2025-09-30,10,Industrial_Production,ARIMAX,log_diff,log_change,0.0016324521350418162,0.0016324521350418162,0.0,113.32067527049651,112.70920641702789,-0.6114688534686223,-0.5395916076294515
2025-10-31,11,Industrial_Production,ARIMAX,log_diff,log_change,-0.0015230019261837835,-0.0015230019261837835,0.0,113.14821902271672,112.53768072868795,-0.6105382940287711,-0.5395916076294525
2025-11-30,12,Industrial_Production,ARIMAX,log_diff,log_change,-7.10506426377911e-05,-7.10506426377911e-05,0.0,113.14018005463213,112.52968513820049,-0.6104949164316338,-0.5395916076294411
2025-12-31,13,Industrial_Production,ARIMAX,log_diff,log_change,-0.002644617506819666,-0.002644617506819666,0.0,112.84136285649234,112.23248033258402,-0.6088825239083206,-0.5395916076294434
2026-01-31,14,Industrial_Production,ARIMAX,log_diff,log_change,-0.0008520272480037733,-0.0008520272480037733,0.0,112.74525988762461,112.13689592727098,-0.6083639603536284,-0.5395916076294441
2026-02-28,15,Industrial_Production,ARIMAX,log_diff,log_change,-0.0026264928132046176,-0.0026264928132046176,0.0,112.44952381714911,111.84275562381251,-0.606768193336606,-0.539591607629441
2026-03-31,16,Industrial_Production,ARIMAX,log_diff,log_change,0.00020360966595371516,0.00020360966595371516,0.0,112.47242195819248,111.86553020840852,-0.6068917497839692,-0.539591607629432
2020-08-31,1,Import_Price_Index,ARIMAX,log_diff,log_change,0.00022209743159447163,0.00022209743159447163,0.0,100.59233881930082,100.59233881930082,0.0,0.0
2020-09-30,2,Import_Price_Index,ARIMAX,log_diff,log_change,0.006037727444289791,0.006037727444289791,0.0,101.20152514395781,101.20152514395781,0.0,0.0
2020-10-31,3,Import_Price_Index,ARIMAX,log_diff,log_change,0.0022727548894849853,0.0022727548894849853,0.0,101.43179297710485,101.43179297710485,0.0,0.0
2020-11-30,4,Import_Price_Index,ARIMAX,log_diff,log_change,0.004338223496654768,0.004338223496654768,0.0,101.87278262891529,101.87278262891529,0.0,0.0
2020-12-31,5,Import_Price_Index,ARIMAX,log_diff,log_change,0.002773346762510851,0.002773346762510851,0.0,102.15570331805657,102.15570331805657,0.0,0.0
2021-01-31,6,Import_Price_Index,ARIMAX,log_diff,log_change,0.007896391938954297,0.007896391938954297,0.0,102.96555804736492,102.96555804736492,0.0,0.0
2021-02-28,7,Import_Price_Index,ARIMAX,log_diff,log_change,0.003160432245842511,0.003160432245842511,0.0,103.29148848647206,103.29148848647206,0.0,0.0
2021-03-31,8,Import_Price_Index,ARIMAX,log_diff,log_change,0.002681485001173188,0.002681485001173188,0.0,103.56883474733172,103.56883474733172,0.0,0.0
2021-04-30,9,Import_Price_Index,ARIMAX,log_diff,log_change,-0.00396381989050321,-0.00396381989050321,0.0,103.15911909609763,103.15911909609763,0.0,0.0
2021-05-31,10,Import_Price_Index,ARIMAX,log_diff,log_change,-0.0029418369858866277,-0.0029418369858866277,0.0,102.85608773708546,102.85608773708546,0.0,0.0
2021-06-30,11,Import_Price_Index,ARIMAX,log_diff,log_change,-0.002553770015156648,-0.002553770015156648,0.0,102.59375205941372,102.59375205941372,0.0,0.0
2026-03-31,12,Import_Price_Index,ARIMAX,log_diff,log_change,0.0004347887196740067,0.0004347887196740067,0.0,102.63836836414833,102.63836836414833,0.0,0.0
2024-12-31,1,Foreign_Bond_Investment,ARIMAX,diff,unit_change,-195.27910942691517,-195.27910942691517,0.0,1310.4208905730848,1310.4208905730848,0.0,0.0
2025-01-31,2,Foreign_Bond_Investment,ARIMAX,diff,unit_change,-82.86109905973332,-82.86109905973332,0.0,1227.5597915133515,1227.5597915133515,0.0,0.0
2025-02-28,3,Foreign_Bond_Investment,ARIMAX,diff,unit_change,52.3268523956786,52.3268523956786,0.0,1279.88664390903,1279.88664390903,0.0,0.0
2025-03-31,4,Foreign_Bond_Investment,ARIMAX,diff,unit_change,307.3969346693126,307.3969346693126,0.0,1587.2835785783427,1587.2835785783427,0.0,0.0
2025-04-30,5,Foreign_Bond_Investment,ARIMAX,diff,unit_change,-195.9365904407156,-195.9365904407156,0.0,1391.346988137627,1391.346988137627,0.0,0.0
2025-05-31,6,Foreign_Bond_Investment,ARIMAX,diff,unit_change,-170.22917441446685,-170.22917441446685,0.0,1221.1178137231602,1221.1178137231602,0.0,0.0
2025-06-30,7,Foreign_Bond_Investment,ARIMAX,diff,unit_change,-389.5253323415608,-389.5253323415608,0.0,831.5924813815994,831.5924813815994,0.0,0.0
2025-07-31,8,Foreign_Bond_Investment,ARIMAX,diff,unit_change,-199.58725418237196,-199.58725418237196,0.0,632.0052271992274,632.0052271992274,0.0,0.0
2025-08-31,9,Foreign_Bond_Investment,ARIMAX,diff,unit_change,-30.17234337278348,-30.17234337278348,0.0,601.8328838264439,601.8328838264439,0.0,0.0
2025-09-30,10,Foreign_Bond_Investment,ARIMAX,diff,unit_change,16.805405035284913,16.805405035284913,0.0,618.6382888617288,618.6382888617288,0.0,0.0
2025-10-31,11,Foreign_Bond_Investment,ARIMAX,diff,unit_change,-67.66527845907565,-609.75941119279,-542.0941327337143,550.9730104026531,8.878877668938799,-542.0941327337143,-98.38850950930426
2025-11-30,12,Foreign_Bond_Investment,ARIMAX,diff,unit_change,442.4747384859731,442.4747384859731,0.0,993.4477488886262,451.3536161549119,-542.0941327337143,-54.56694962972709
2025-12-31,13,Foreign_Bond_Investment,ARIMAX,diff,unit_change,129.15978958984084,129.15978958984084,0.0,1122.607538478467,580.5134057447527,-542.0941327337142,-48.28883774185633
2026-01-31,14,Foreign_Bond_Investment,ARIMAX,diff,unit_change,163.5466696481182,163.5466696481182,0.0,1286.1542081265852,744.0600753928709,-542.0941327337143,-42.14845539582145
2026-02-28,15,Foreign_Bond_Investment,ARIMAX,diff,unit_change,-152.59964245915043,-152.59964245915043,0.0,1133.5545656674349,591.4604329337204,-542.0941327337144,-47.82250005005541
2024-11-30,1,Foreign_Stock_Investment,ARIMAX,diff,unit_change,1977.8183004473046,1977.8183004473046,0.0,-1238.5816995526955,-1238.5816995526955,0.0,-0.0
2024-12-31,2,Foreign_Stock_Investment,ARIMAX,diff,unit_change,841.0114530322782,841.0114530322782,0.0,-397.5702465204173,-397.5702465204173,0.0,-0.0
2025-01-31,3,Foreign_Stock_Investment,ARIMAX,diff,unit_change,350.5050857775154,350.5050857775154,0.0,-47.065160742901924,-47.065160742901924,0.0,-0.0
2025-02-28,4,Foreign_Stock_Investment,ARIMAX,diff,unit_change,192.3501616807522,192.3501616807522,0.0,145.28500093785027,145.28500093785027,0.0,0.0
2025-03-31,5,Foreign_Stock_Investment,ARIMAX,diff,unit_change,83.93906144365984,83.93906144365984,0.0,229.22406238151012,229.22406238151012,0.0,0.0
2025-04-30,6,Foreign_Stock_Investment,ARIMAX,diff,unit_change,25.39692171588399,25.39692171588399,0.0,254.6209840973941,254.6209840973941,0.0,0.0
2025-05-31,7,Foreign_Stock_Investment,ARIMAX,diff,unit_change,5.413999127231442,5.413999127231442,0.0,260.03498322462553,260.03498322462553,0.0,0.0
2025-06-30,8,Foreign_Stock_Investment,ARIMAX,diff,unit_change,14.308919326197175,102.88512758531316,88.57620825911599,274.3439025508227,362.9201108099387,88.57620825911602,32.28655983805112
2025-07-31,9,Foreign_Stock_Investment,ARIMAX,diff,unit_change,-71.00251958361639,-71.00251958361639,0.0,203.3413829672063,291.9175912263223,88.57620825911602,43.56034515286102
2025-08-31,10,Foreign_Stock_Investment,ARIMAX,diff,unit_change,-20.587816865286744,-20.587816865286744,0.0,182.75356610191955,271.32977436103556,88.57620825911602,48.46756763680228
2025-09-30,11,Foreign_Stock_Investment,ARIMAX,diff,unit_change,-26.51726319462115,-26.51726319462115,0.0,156.2363029072984,244.81251116641442,88.57620825911602,56.693743138348594
2025-10-31,12,Foreign_Stock_Investment,ARIMAX,diff,unit_change,25.016096890214495,25.016096890214495,0.0,181.2523997975129,269.8286080566289,88.57620825911602,48.86898510478725
2025-11-30,13,Foreign_Stock_Investment,ARIMAX,diff,unit_change,1.1962542505797509,1.1962542505797509,0.0,182.44865404809266,271.02486230720865,88.57620825911599,48.54856766209286
2025-12-31,14,Foreign_Stock_Investment,ARIMAX,diff,unit_change,43.30846511505237,43.30846511505237,0.0,225.75711916314503,314.33332742226105,88.57620825911602,39.235178313515675
2026-01-31,15,Foreign_Stock_Investment,ARIMAX,diff,unit_change,13.953879747576137,13.953879747576137,0.0,239.71099891072117,328.2872071698372,88.57620825911602,36.95124907143107
2026-02-28,16,Foreign_Stock_Investment,ARIMAX,diff,unit_change,43.00064688741835,43.00064688741835,0.0,282.7116457981395,371.2878540572555,88.57620825911602,31.33093722016701
2024-12-31,1,Trade_Balance,ARIMAX,diff,unit_change,-527.9978639193828,-527.9978639193828,0.0,9745.602136080617,9745.602136080617,0.0,0.0
2025-01-31,2,Trade_Balance,ARIMAX,diff,unit_change,-65.03374075176399,-65.03374075176399,0.0,9680.568395328854,9680.568395328854,0.0,0.0
2025-02-28,3,Trade_Balance,ARIMAX,diff,unit_change,72.91222330862209,72.91222330862209,0.0,9753.480618637475,9753.480618637475,0.0,0.0
2025-03-31,4,Trade_Balance,ARIMAX,diff,unit_change,155.23677350354882,155.23677350354882,0.0,9908.717392141025,9908.717392141025,0.0,0.0
2025-04-30,5,Trade_Balance,ARIMAX,diff,unit_change,285.609315403119,285.609315403119,0.0,10194.326707544144,10194.326707544144,0.0,0.0
2025-05-31,6,Trade_Balance,ARIMAX,diff,unit_change,156.23846593156844,156.23846593156844,0.0,10350.565173475712,10350.565173475712,0.0,0.0
2025-06-30,7,Trade_Balance,ARIMAX,diff,unit_change,21.064580384526373,21.064580384526373,0.0,10371.629753860238,10371.629753860238,0.0,0.0
2025-07-31,8,Trade_Balance,ARIMAX,diff,unit_change,-12.36421737550352,-12.36421737550352,0.0,10359.265536484734,10359.265536484734,0.0,0.0
2025-08-31,9,Trade_Balance,ARIMAX,diff,unit_change,51.413926632768906,466.0248504901901,414.6109238574212,10410.679463117503,10825.290386974924,414.61092385742086,3.9825539276882567
2025-09-30,10,Trade_Balance,ARIMAX,diff,unit_change,-338.35862389986795,-338.35862389986795,0.0,10072.320839217635,10486.931763075056,414.61092385742086,4.1163395256740625
2025-10-31,11,Trade_Balance,ARIMAX,diff,unit_change,-98.84475246090881,-98.84475246090881,0.0,9973.476086756726,10388.087010614146,414.61092385742086,4.157135588944377
2025-11-30,12,Trade_Balance,ARIMAX,diff,unit_change,-125.08007531227841,-125.08007531227841,0.0,9848.396011444447,10263.006935301868,414.61092385742086,4.209933509737192
2025-12-31,13,Trade_Balance,ARIMAX,diff,unit_change,116.70223949799788,116.70223949799788,0.0,9965.098250942445,10379.709174799866,414.61092385742086,4.160630566971171
2026-01-31,14,Trade_Balance,ARIMAX,diff,unit_change,5.447004638364053,5.447004638364053,0.0,9970.54525558081,10385.15617943823,414.61092385742086,4.158357574530348
2026-02-28,15,Trade_Balance,ARIMAX,diff,unit_change,202.65722307284,202.65722307284,0.0,10173.20247865365,10587.81340251107,414.61092385742086,4.075520218214428
2025-01-31,1,CSI_CCSI,RIDGE_DLM,diff,unit_change,-3.3979556792861776,-3.3979556792861776,0.0,84.50204432071382,84.50204432071382,0.0,0.0
2025-02-28,2,CSI_CCSI,RIDGE_DLM,diff,unit_change,-2.479736608470163,-2.479736608470163,0.0,82.02230771224366,82.02230771224366,0.0,0.0
2025-03-31,3,CSI_CCSI,RIDGE_DLM,diff,unit_change,-0.6838170898066386,-0.6838170898066386,0.0,81.33849062243702,81.33849062243702,0.0,0.0
2025-04-30,4,CSI_CCSI,RIDGE_DLM,diff,unit_change,0.7670698715849845,0.7670698715849845,0.0,82.105560494022,82.105560494022,0.0,0.0
2025-05-31,5,CSI_CCSI,RIDGE_DLM,diff,unit_change,0.6287743861314011,-2.2559963942441987,-2.8847707803755998,82.7343348801534,79.84956409977781,-2.8847707803755895,-3.4867879031775453
2025-06-30,6,CSI_CCSI,RIDGE_DLM,diff,unit_change,3.539066944569372,2.748895010070073,-0.7901719344992992,86.27340182472277,82.59845910984788,-3.674942714874888,-4.25964739670412
2025-07-31,7,CSI_CCSI,RIDGE_DLM,diff,unit_change,2.0375591761825804,2.9444178115530018,0.9068586353704213,88.31096100090535,85.54287692140088,-2.768084079504476,-3.1344739635163723
2025-08-31,8,CSI_CCSI,RIDGE_DLM,diff,unit_change,0.26874739884308113,0.07297739216931078,-0.19577000667377037,88.57970839974843,85.61585431357018,-2.9638540861782445,-3.345974083367678
2025-09-30,9,CSI_CCSI,RIDGE_DLM,diff,unit_change,-0.7145754794660515,0.1613836740363238,0.8759591535023753,87.86513292028238,85.77723798760651,-2.087894932675866,-2.3762496718353066
2025-10-31,10,CSI_CCSI,RIDGE_DLM,diff,unit_change,-1.1783013623238248,0.36562556615408665,1.5439269284779114,86.68683155795856,86.14286355376059,-0.5439680041979642,-0.6275093857067193
2025-11-30,11,CSI_CCSI,RIDGE_DLM,diff,unit_change,-2.7179697026284018,-2.536592859658898,0.18137684296950374,83.96886185533015,83.6062706941017,-0.36259116122845114,-0.4318162152217319
2025-12-31,12,CSI_CCSI,RIDGE_DLM,diff,unit_change,-1.8263719056625218,-1.8050641879468807,0.021307717715641106,82.14248994966762,81.80120650615481,-0.3412834435128076,-0.4154773537080836
2026-01-31,13,CSI_CCSI,RIDGE_DLM,diff,unit_change,-1.5286797543278559,-1.5261765746119877,0.002503179715868109,80.61381019533977,80.27502993154283,-0.3387802637969344,-0.4202509011495887
2026-02-28,14,CSI_CCSI,RIDGE_DLM,diff,unit_change,-0.008597851969213255,-0.008303784403012382,0.00029406756620087293,80.60521234337055,80.26672614713982,-0.3384861962307326,-0.4199309032135708
2026-03-31,15,CSI_CCSI,RIDGE_DLM,diff,unit_change,1.32681598202349,1.32685052837785,3.454635436006548e-05,81.93202832539404,81.59357667551767,-0.3384516498763759,-0.4130883328461137
2025-01-31,1,CSI_CCSI,TREE_DLM,diff,unit_change,-3.0654095489170285,-3.0654095489170285,0.0,84.83459045108297,84.83459045108297,0.0,0.0
2025-02-28,2,CSI_CCSI,TREE_DLM,diff,unit_change,-2.5827508475137613,-2.5827508475137613,0.0,82.25183960356921,82.25183960356921,0.0,0.0
2025-03-31,3,CSI_CCSI,TREE_DLM,diff,unit_change,-0.5810731239289749,-0.5810731239289749,0.0,81.67076647964024,81.67076647964024,0.0,0.0
2025-04-30,4,CSI_CCSI,TREE_DLM,diff,unit_change,-0.6480207369640874,-0.6480207369640874,0.0,81.02274574267615,81.02274574267615,0.0,0.0
2025-05-31,5,CSI_CCSI,TREE_DLM,diff,unit_change,-0.49563631501348787,-1.6993790785703822,-1.2037427635568942,80.52710942766267,79.32336666410576,-1.2037427635569031,-1.4948292222487172
2025-06-30,6,CSI_CCSI,TREE_DLM,diff,unit_change,2.468078513213841,1.0878734760408675,-1.3802050371729735,82.9951879408765,80.41124014014663,-2.5839478007298737,-3.113370624054261
2025-07-31,7,CSI_CCSI,TREE_DLM,diff,unit_change,0.5584014084830581,0.7140006148322634,0.15559920634920532,83.55358934935957,81.12524075497889,-2.4283485943806795,-2.9063366556607333
2025-08-31,8,CSI_CCSI,TREE_DLM,diff,unit_change,-0.47651606350573683,-0.6073216190612922,-0.1308055555555554,83.07707328585383,80.5179191359176,-2.5591541499362336,-3.080457758942262
2025-09-30,9,CSI_CCSI,TREE_DLM,diff,unit_change,-1.8762791793954834,-0.6068543190706225,1.269424860324861,81.20079410645835,79.91106481684697,-1.2897292896113726,-1.5883210303589794
2025-10-31,10,CSI_CCSI,TREE_DLM,diff,unit_change,-1.8089770062666801,-0.13906063290574125,1.6699163733609388,79.39181710019167,79.77200418394123,0.38018708374956134,0.47887439491373407
2025-11-30,11,CSI_CCSI,TREE_DLM,diff,unit_change,-2.3053630361705175,-1.9681102583927403,0.3372527777777772,77.08645406402115,77.8038939255485,0.717439861527339,0.930695113996938
2025-12-31,12,CSI_CCSI,TREE_DLM,diff,unit_change,-0.9167951807652885,-0.9227523236224313,-0.005957142857142772,76.16965888325586,76.88114160192606,0.7114827186701973,0.9340762832621801
2026-01-31,13,CSI_CCSI,TREE_DLM,diff,unit_change,-0.9784040488615303,-0.9784040488615303,0.0,75.19125483439433,75.90273755306453,0.7114827186701973,0.9462306756779216
2026-02-28,14,CSI_CCSI,TREE_DLM,diff,unit_change,-1.6136471953084797,-1.6136471953084797,0.0,73.57760763908585,74.28909035775605,0.7114827186701973,0.9669826751641267
2026-03-31,15,CSI_CCSI,TREE_DLM,diff,unit_change,0.5705462377278873,0.5705462377278873,0.0,74.14815387681374,74.85963659548393,0.7114827186701973,0.9595420539427338
2025-01-31,1,Imports,RIDGE_DLM,log_diff,log_change,-0.02212505656133026,-0.02212505656133026,0.0,53665788.78894101,53665788.78894101,0.0,0.0
2025-02-28,2,Imports,RIDGE_DLM,log_diff,log_change,-0.0037599234554088557,-0.0037599234554088557,0.0,53464388.39322315,53464388.39322315,0.0,0.0
2025-03-31,3,Imports,RIDGE_DLM,log_diff,log_change,-0.009322756816194495,-0.009322756816194495,0.0,52968269.09498689,52968269.09498689,0.0,0.0
2025-04-30,4,Imports,RIDGE_DLM,log_diff,log_change,-0.007625891178699774,-0.007625891178699774,0.0,52565875.09544393,52565875.09544393,0.0,0.0
2025-05-31,5,Imports,RIDGE_DLM,log_diff,log_change,0.004600755414377275,-0.01906904855512165,-0.02366980396949893,52808275.013696834,51572990.63845061,-1235284.3752462268,-2.3391871348303503
2025-06-30,6,Imports,RIDGE_DLM,log_diff,log_change,0.028623118840465877,0.022544272864963858,-0.006078845975502019,54341652.8859424,52748871.09434274,-1592781.791599661,-2.931051425584621
2025-07-31,7,Imports,RIDGE_DLM,log_diff,log_change,0.021743917430035453,-0.005741709584101753,-0.027485627014137207,55536193.228277184,52446870.22594723,-3089323.002329953,-5.562720133934158
2025-08-31,8,Imports,RIDGE_DLM,log_diff,log_change,0.04476709362871949,0.03131909728229847,-0.013447996346421014,58078876.834222645,54115451.70104256,-3963425.133180082,-6.824211054378821
2025-09-30,9,Imports,RIDGE_DLM,log_diff,log_change,0.02835346014753673,0.02790949705089084,-0.0004439630966458913,59749181.51495684,55647060.53887682,-4102120.9760800228,-6.865568484905774
2025-10-31,10,Imports,RIDGE_DLM,log_diff,log_change,0.024193072427050915,0.016131797303793875,-0.00806127512325704,61212325.399058476,56552027.38566804,-4660298.013390437,-7.613332744686282
2025-11-30,11,Imports,RIDGE_DLM,log_diff,log_change,0.007142655491875553,0.009674716137850418,0.0025320606459748657,61651109.12626983,57101807.3921112,-4549301.734158635,-7.379107689435154
2025-12-31,12,Imports,RIDGE_DLM,log_diff,log_change,0.004478740026499057,0.003683415339416022,-0.0007953246870830346,61927847.67380259,57312524.90718804,-4615322.766614549,-7.452742086121256
2026-01-31,13,Imports,RIDGE_DLM,log_diff,log_change,-0.008228895342154433,-0.007979082463900802,0.0002498128782536316,61420340.870518275,56857043.12463792,-4563297.745880358,-7.429619701232785
2026-02-28,14,Imports,RIDGE_DLM,log_diff,log_change,-0.0005825204613321951,-0.0006609871242623348,-7.846666293013973e-05,61384572.68408087,56819473.76900692,-4565098.915073946,-7.4368831050897475
2026-03-31,15,Imports,RIDGE_DLM,log_diff,log_change,0.005447685650501015,0.005472332166863318,2.4646516362303306e-05,61719889.05968522,57131261.12693546,-4588627.932749763,-7.434601718600635
2025-01-31,1,Imports,TREE_DLM,log_diff,log_change,-0.034105789212903595,-0.034105789212903595,0.0,53026669.524250664,53026669.524250664,0.0,0.0
2025-02-28,2,Imports,TREE_DLM,log_diff,log_change,0.015406508194218167,0.015406508194218163,-3.469446951953614e-18,53849951.00474865,53849951.00474865,0.0,0.0
2025-03-31,3,Imports,TREE_DLM,log_diff,log_change,-0.00038763581620331056,-0.0003876358162033102,3.7947076036992655e-19,53829080.880303614,53829080.880303614,0.0,0.0
2025-04-30,4,Imports,TREE_DLM,log_diff,log_change,-0.008354527701129962,-0.008354527701129962,0.0,53381237.69698497,53381237.69698497,0.0,0.0
2025-05-31,5,Imports,TREE_DLM,log_diff,log_change,0.004740989157759541,-0.042240449060013834,-0.046981438217773376,53634918.439795226,51173349.6139518,-2461568.8258434236,-4.589489268276814
2025-06-30,6,Imports,TREE_DLM,log_diff,log_change,0.011721365951149797,0.025056945922643282,0.013335579971493485,54267291.84649291,52471797.096889004,-1795494.7496039048,-3.3086131415639106
2025-07-31,7,Imports,TREE_DLM,log_diff,log_change,0.006857040676214323,-0.020092456629743002,-0.026949497305957325,54640683.59222536,51428030.81817204,-3212652.7740533203,-5.879598428945054
2025-08-31,8,Imports,TREE_DLM,log_diff,log_change,0.0264462950702093,0.03214299521271533,0.005696700142506034,56105004.823702335,53107935.72075915,-2997069.102943182,-5.341892603629238
2025-09-30,9,Imports,TREE_DLM,log_diff,log_change,0.013396595750063047,0.010284711579209592,-0.003111884170853455,56861677.99863358,53656953.929808676,-3204724.068824902,-5.635999818545478
2025-10-31,10,Imports,TREE_DLM,log_diff,log_change,0.027439323722092943,0.031181619106961288,0.003742295384868345,58443527.1756619,55356423.032496,-3087104.1431659013,-5.2822002578439315
2025-11-30,11,Imports,TREE_DLM,log_diff,log_change,0.0293591883077618,0.029436610675556998,7.742236779519768e-05,60184818.06351054,57010149.138450176,-3174668.9250603616,-5.274866697628404
2025-12-31,12,Imports,TREE_DLM,log_diff,log_change,0.009491597271798128,0.009491597271798128,0.0,60758787.75392864,57553842.69281393,-3204945.061114706,-5.274866697628403
2026-01-31,13,Imports,TREE_DLM,log_diff,log_change,-0.01362580525956692,-0.01362580525956692,0.0,59936515.12957572,56774943.85328672,-3161571.276289001,-5.274866697628407
2026-02-28,14,Imports,TREE_DLM,log_diff,log_change,0.002149314724981091,0.002149314724981091,0.0,60065476.103322506,56897102.3075764,-3168373.795746103,-5.274866697628399
2026-03-31,15,Imports,TREE_DLM,log_diff,log_change,-0.01477400685330158,-0.01477400685330158,0.0,59184591.4681368,56062683.162656635,-3121908.3054801673,-5.2748666976284
2025-01-31,1,KOSPI,RIDGE_DLM,log_diff,log_change,0.004342871316573777,0.004342871316573777,0.0,2454.2780025146844,2454.2780025146844,0.0,0.0
2025-02-28,2,KOSPI,RIDGE_DLM,log_diff,log_change,-0.0033933363105276976,-0.0033933363105276976,0.0,2445.9639260592458,2445.9639260592458,0.0,0.0
2025-03-31,3,KOSPI,RIDGE_DLM,log_diff,log_change,0.005865028477501587,0.005865028477501587,0.0,2460.3517253234586,2460.3517253234586,0.0,0.0
2025-04-30,4,KOSPI,RIDGE_DLM,log_diff,log_change,0.007778344525344948,0.007778344525344948,0.0,2479.5638109419806,2479.5638109419806,0.0,0.0
2025-05-31,5,KOSPI,RIDGE_DLM,log_diff,log_change,0.008050021976805098,-0.011117061966265834,-0.019167083943070932,2499.6049115364744,2452.1510036713344,-47.45390786514008,-1.8984563378846453
2025-06-30,6,KOSPI,RIDGE_DLM,log_diff,log_change,0.029855021309068364,0.020047696118087398,-0.009807325190980966,2575.35581540366,2501.8070635329236,-73.5487518707364,-2.8558675826784117
2025-07-31,7,KOSPI,RIDGE_DLM,log_diff,log_change,0.028726892193062563,0.033475201715666265,0.0047483095226037025,2650.4106692024857,2586.9730815943544,-63.43758760813125,-2.3935003109242596
2025-08-31,8,KOSPI,RIDGE_DLM,log_diff,log_change,0.016658812077692913,0.0046288569881127025,-0.01202995508958021,2694.9331788928102,2598.9755674857506,-95.95761140705963,-3.560667557868094
2025-09-30,9,KOSPI,RIDGE_DLM,log_diff,log_change,0.019605276458383385,0.018750670745069673,-0.0008546057133137115,2748.2894117299347,2648.167855549515,-100.1215561804197,-3.6430499551136175
2025-10-31,10,KOSPI,RIDGE_DLM,log_diff,log_change,0.013188505152350028,0.01725466407955653,0.004066158927206503,2784.775309168442,2694.2575902745716,-90.51771889387055,-3.2504496357697135
2025-11-30,11,KOSPI,RIDGE_DLM,log_diff,log_change,0.005950447205619524,0.00618432444762998,0.00023387724201045547,2801.3953669734483,2710.9713818438036,-90.42398512964473,-3.2278194715277317
2025-12-31,12,KOSPI,RIDGE_DLM,log_diff,log_change,0.0015321266634692778,0.0015455788096617028,1.3452146192425088e-05,2805.6907492046785,2715.164641437023,-90.5261077676555,-3.2265176692519195
2026-01-31,13,KOSPI,RIDGE_DLM,log_diff,log_change,0.003348600870074105,0.0033493746103304325,7.737402563275098e-07,2815.101635545932,2724.2739917472836,-90.8276437986483,-3.2264427916839353
2026-02-28,14,KOSPI,RIDGE_DLM,log_diff,log_change,0.00545555597129736,0.005455600475272837,4.450397547706153e-08,2830.501549433894,2739.177158127952,-91.32439130594184,-3.2264384848758305
2026-03-31,15,KOSPI,RIDGE_DLM,log_diff,log_change,0.01776914146047065,0.017769144020249355,2.5597787049747023e-09,2881.2466450701445,2788.2850016068,-92.96164346334444,-3.226438237156933
2025-01-31,1,KOSPI,TREE_DLM,log_diff,log_change,-0.008145312473164776,-0.008145312473164776,0.0,2423.8191117110186,2423.8191117110186,0.0,0.0
2025-02-28,2,KOSPI,TREE_DLM,log_diff,log_change,-0.00515247791209238,-0.00515247791209238,0.0,2411.3625558974363,2411.3625558974363,0.0,0.0
2025-03-31,3,KOSPI,TREE_DLM,log_diff,log_change,0.002654404155125448,0.002654404155125448,0.0,2417.7717892699584,2417.7717892699584,0.0,0.0
2025-04-30,4,KOSPI,TREE_DLM,log_diff,log_change,0.004191972378124576,0.004191972378124576,0.0,2427.9282948495706,2427.9282948495706,0.0,0.0
2025-05-31,5,KOSPI,TREE_DLM,log_diff,log_change,-0.008127253691775669,-0.02696117813778823,-0.018833924446012562,2408.2758739308897,2363.343047004056,-44.93282692683351,-1.8657674319301407
2025-06-30,6,KOSPI,TREE_DLM,log_diff,log_change,-0.0008091376298988619,-0.009500557865930244,-0.008691420236031382,2406.3280354390963,2340.9962910387458,-65.33174440035054,-2.714997433358212
2025-07-31,7,KOSPI,TREE_DLM,log_diff,log_change,0.022476318822354572,0.02242313309853901,-5.3185723815560304e-05,2461.0258314163984,2394.081708904444,-66.94412251195445,-2.7201714690424836
2025-08-31,8,KOSPI,TREE_DLM,log_diff,log_change,0.008759463810226763,0.008335090242714475,-0.0004243735675122876,2482.6777894513225,2414.119990427954,-68.55779902336872,-2.7614456984577185
2025-09-30,9,KOSPI,TREE_DLM,log_diff,log_change,-0.0031934046199298427,0.002266778038371302,0.0054601826583011446,2474.762240231202,2419.5984715087156,-55.163768722486566,-2.2290532733089115
2025-10-31,10,KOSPI,TREE_DLM,log_diff,log_change,0.005105089271358289,0.004822293589677494,-0.0002827956816807949,2487.4284258884577,2431.294664279411,-56.133761609046815,-2.256698565668156
2025-11-30,11,KOSPI,TREE_DLM,log_diff,log_change,0.00846567757205738,0.00846567757205738,0.0,2508.5755791188444,2451.964590006168,-56.610989112676634,-2.2566985656681573
2025-12-31,12,KOSPI,TREE_DLM,log_diff,log_change,-0.011803390284721675,-0.011803390284721675,0.0,2479.139944389259,2423.19322882332,-55.94671556593903,-2.256698565668168
2026-01-31,13,KOSPI,TREE_DLM,log_diff,log_change,-0.01593557817013454,-0.01593557817013454,0.0,2439.9465302710737,2384.884291919376,-55.06223835169749,-2.2566985656681653
2026-02-28,14,KOSPI,TREE_DLM,log_diff,log_change,-0.007333056806079818,-0.007333056806079818,0.0,2422.1197062020688,2367.459765533441,-54.65994066862777,-2.256698565668153
2026-03-31,15,KOSPI,TREE_DLM,log_diff,log_change,0.011179390241854433,0.011179390241854433,0.0,2449.3494499817457,2394.075016075807,-55.27443390593862,-2.2566985656681435
2025-01-31,1,Industrial_Production,RIDGE_DLM,log_diff,log_change,0.006760708498067149,0.006760708498067149,0.0,115.88079393423229,115.88079393423229,0.0,0.0
2025-02-28,2,Industrial_Production,RIDGE_DLM,log_diff,log_change,-0.0016132793591148598,-0.0016132793591148598,0.0,115.69399655994881,115.69399655994881,0.0,0.0
2025-03-31,3,Industrial_Production,RIDGE_DLM,log_diff,log_change,0.009304261898284252,0.009304261898284252,0.0,116.77546714494709,116.77546714494709,0.0,0.0
2025-04-30,4,Industrial_Production,RIDGE_DLM,log_diff,log_change,0.005006554417717581,0.005006554417717581,0.0,117.36157584414858,117.36157584414858,0.0,0.0
2025-05-31,5,Industrial_Production,RIDGE_DLM,log_diff,log_change,0.010044158307222844,0.005197416569799906,-0.004846741737422938,118.54631397961803,117.97314074518383,-0.5731732344342078,-0.48350152374434424
2025-06-30,6,Industrial_Production,RIDGE_DLM,log_diff,log_change,0.011852219578517413,0.004821396269099531,-0.007030823309417882,119.95971031946902,118.54330940584852,-1.4164009136205067,-1.1807305218130641
2025-07-31,7,Industrial_Production,RIDGE_DLM,log_diff,log_change,0.016079045785115483,0.01530769709120859,-0.0007713486939068936,121.90413837611189,120.3718944847859,-1.5322438913259901,-1.2569252461294997
2025-08-31,8,Industrial_Production,RIDGE_DLM,log_diff,log_change,0.012840753292162626,0.006360819848268511,-0.006479933443894114,123.47957257618312,121.13999871692953,-2.3395738592535906,-1.8947051811425288
2025-09-30,9,Industrial_Production,RIDGE_DLM,log_diff,log_change,0.017259330266508208,0.022704288003683556,0.005444957737175349,125.6292448900877,123.92185668945423,-1.7073882006334742,-1.359069062404425
2025-10-31,10,Industrial_Production,RIDGE_DLM,log_diff,log_change,0.004926636242223577,0.0004850765415323269,-0.00444155970069125,126.24970160836045,123.98198285683512,-2.2677187515253365,-1.7962171178511244
2025-11-30,11,Industrial_Production,RIDGE_DLM,log_diff,log_change,0.011843051690397758,0.012138452981845248,0.0002954012914474901,127.75377216329927,125.4961032750041,-2.2576688882951714,-1.7672033084153014
2025-12-31,12,Industrial_Production,RIDGE_DLM,log_diff,log_change,0.0033387467726956445,0.003319100088001692,-1.9646684693952476e-05,128.1810225012646,125.91332942707875,-2.267693074185857,-1.7691332382400713
2026-01-31,13,Industrial_Production,RIDGE_DLM,log_diff,log_change,0.009097251461050204,0.009098558131774534,1.3066707243297726e-06,129.35243774616944,127.06418680647272,-2.2882509396967237,-1.7690048827583742
2026-02-28,14,Industrial_Production,RIDGE_DLM,log_diff,log_change,0.0024170375937999687,0.0024169506891436147,-8.690465635400463e-08,129.6654655987011,127.37166611181736,-2.293799486883742,-1.7690134194888665
2026-03-31,15,Industrial_Production,RIDGE_DLM,log_diff,log_change,0.012704034841436194,0.01270404062133097,5.779894776333783e-09,131.32324815902146,129.0001230217868,-2.323125137234655,-1.769012851724125
2025-01-31,1,Industrial_Production,TREE_DLM,log_diff,log_change,0.003693849257902856,0.003693849257902856,0.0,115.5259482595943,115.5259482595943,0.0,0.0
2025-02-28,2,Industrial_Production,TREE_DLM,log_diff,log_change,-0.0009562721700147644,-0.0009562721700147644,0.0,115.41552681525083,115.41552681525083,0.0,0.0
2025-03-31,3,Industrial_Production,TREE_DLM,log_diff,log_change,0.009531798272107534,0.009531798272107534,0.0,116.52090408179106,116.52090408179106,0.0,0.0
2025-04-30,4,Industrial_Production,TREE_DLM,log_diff,log_change,0.004763086933995086,0.004763086933995086,0.0,117.07722713331468,117.07722713331468,0.0,0.0
2025-05-31,5,Industrial_Production,TREE_DLM,log_diff,log_change,0.010891895285945306,0.006364683400211998,-0.004527211885733308,118.35938994759162,117.82476300847613,-0.5346269391154976,-0.45169795092068754
2025-06-30,6,Industrial_Production,TREE_DLM,log_diff,log_change,0.007726496309346053,0.004658260718924079,-0.0030682355904219742,119.27743540745122,118.37490182392588,-0.9025335835253401,-0.7566674957776289
2025-07-31,7,Industrial_Production,TREE_DLM,log_diff,log_change,0.007072580111746087,0.0034097325346608143,-0.003662847577085273,120.12402488187163,118.77921749037958,-1.3448073914920542,-1.1195157611597846
2025-08-31,8,Industrial_Production,TREE_DLM,log_diff,log_change,0.00877046965641064,0.010490001253902329,0.001719531597491688,121.18220257175346,120.03176978245178,-1.1504327893016892,-0.9493413759504031
2025-09-30,9,Industrial_Production,TREE_DLM,log_diff,log_change,0.018852652270350153,0.02199972757109248,0.003147075300742326,123.48847991239853,122.70169717160402,-0.7867827407945072,-0.6371304767478252
2025-10-31,10,Industrial_Production,TREE_DLM,log_diff,log_change,0.002651421986864845,0.003125765369173052,0.0004743433823082067,123.81633443143379,123.08583393529388,-0.7305004961399106,-0.5899871769701295
2025-11-30,11,Industrial_Production,TREE_DLM,log_diff,log_change,0.012822921314552437,0.01288828643100604,6.536511645360323e-05,125.41424458846417,124.68246624487084,-0.7317783435933336,-0.5834890175311425
2025-12-31,12,Industrial_Production,TREE_DLM,log_diff,log_change,0.002283976394563315,0.002283976394563315,0.0,125.70101512655336,124.96756350836476,-0.7334516181885959,-0.58348901753114
2026-01-31,13,Industrial_Production,TREE_DLM,log_diff,log_change,0.007566344669276157,0.007566344669276157,0.0,126.65571958909173,125.91669737521434,-0.7390222138773908,-0.583489017531143
2026-02-28,14,Industrial_Production,TREE_DLM,log_diff,log_change,0.00409840150927655,0.00409840150927655,0.0,127.17587074748364,126.43381350872248,-0.7420572387611628,-0.5834890175311385
2026-03-31,15,Industrial_Production,TREE_DLM,log_diff,log_change,0.007802947319798977,0.007802947319798977,0.0,128.17209907114957,127.4242289495303,-0.7478701216192718,-0.5834890175311257
2024-12-31,1,Foreign_Bond_Investment,RIDGE_DLM,diff,unit_change,399.11438896703913,399.11438896703913,0.0,1904.8143889670391,1904.8143889670391,0.0,0.0
2025-01-31,2,Foreign_Bond_Investment,RIDGE_DLM,diff,unit_change,-246.79941565727552,-246.79941565727552,0.0,1658.0149733097637,1658.0149733097637,0.0,0.0
2025-02-28,3,Foreign_Bond_Investment,RIDGE_DLM,diff,unit_change,-124.14132487965934,-124.14132487965934,0.0,1533.8736484301044,1533.8736484301044,0.0,0.0
2025-03-31,4,Foreign_Bond_Investment,RIDGE_DLM,diff,unit_change,955.7554035479353,955.7554035479353,0.0,2489.6290519780396,2489.6290519780396,0.0,0.0
2025-04-30,5,Foreign_Bond_Investment,RIDGE_DLM,diff,unit_change,-8.160598375714088,-8.160598375714088,0.0,2481.4684536023256,2481.4684536023256,0.0,0.0
2025-05-31,6,Foreign_Bond_Investment,RIDGE_DLM,diff,unit_change,187.9061276740872,-626.3584449122859,-814.2645725863731,2669.3745812764128,1855.1100086900396,-814.2645725863731,-30.503945691916222
2025-06-30,7,Foreign_Bond_Investment,RIDGE_DLM,diff,unit_change,588.4729591007839,650.6027152523486,62.12975615156472,3257.8475403771968,2505.712723942388,-752.1348164348087,-23.08686355371086
2025-07-31,8,Foreign_Bond_Investment,RIDGE_DLM,diff,unit_change,362.9374257582135,1147.8130256378101,784.8755998795966,3620.7849661354103,3653.525749580198,32.74078344478767,0.9042454537070465
2025-08-31,9,Foreign_Bond_Investment,RIDGE_DLM,diff,unit_change,-341.32142355784373,-828.2525354818193,-486.9311119239756,3279.4635425775664,2825.2732140983785,-454.1903284791879,-13.84953125968301
2025-09-30,10,Foreign_Bond_Investment,RIDGE_DLM,diff,unit_change,190.33668003636546,672.619592316503,482.28291228013757,3469.800222613932,3497.8928064148813,28.092583800949342,0.8096311602570057
2025-10-31,11,Foreign_Bond_Investment,RIDGE_DLM,diff,unit_change,-431.64852685196524,-966.3903747368689,-534.7418478849037,3038.151695761967,2531.5024316780123,-506.6492640839547,-16.676233276656298
2025-11-30,12,Foreign_Bond_Investment,RIDGE_DLM,diff,unit_change,467.35606465425224,656.4790568972652,189.12299224301296,3505.5077604162193,3187.9814885752776,-317.5262718409417,-9.057925229161121
2025-12-31,13,Foreign_Bond_Investment,RIDGE_DLM,diff,unit_change,-257.0206316711485,-323.9080584480579,-66.88742677690936,3248.4871287450705,2864.0734301272196,-384.41369861785097,-11.833622341189777
2026-01-31,14,Foreign_Bond_Investment,RIDGE_DLM,diff,unit_change,450.83859195697124,474.4947736183086,23.65618166133737,3699.325720702042,3338.568203745528,-360.7575169565139,-9.751980338948117
2026-02-28,15,Foreign_Bond_Investment,RIDGE_DLM,diff,unit_change,-110.15680034142879,-118.52331939830152,-8.366519056872733,3589.1689203606134,3220.0448843472263,-369.124036013387,-10.284387394514164
2024-12-31,1,Foreign_Bond_Investment,TREE_DLM,diff,unit_change,-51.50993785603598,-51.50993785603598,0.0,1454.190062143964,1454.190062143964,0.0,0.0
2025-01-31,2,Foreign_Bond_Investment,TREE_DLM,diff,unit_change,-1139.5972456021577,-1139.5972456021577,0.0,314.5928165418063,314.5928165418063,0.0,0.0
2025-02-28,3,Foreign_Bond_Investment,TREE_DLM,diff,unit_change,-561.3012759003443,-561.3012759003443,0.0,-246.708459358538,-246.708459358538,0.0,-0.0
2025-03-31,4,Foreign_Bond_Investment,TREE_DLM,diff,unit_change,387.91358037671154,387.91358037671154,0.0,141.20512101817354,141.20512101817354,0.0,0.0
2025-04-30,5,Foreign_Bond_Investment,TREE_DLM,diff,unit_change,-1704.5392393622067,-1704.5392393622067,0.0,-1563.3341183440332,-1563.3341183440332,0.0,-0.0
2025-05-31,6,Foreign_Bond_Investment,TREE_DLM,diff,unit_change,-252.245663403743,-491.91684685085124,-239.67118344710823,-1815.5797817477762,-2055.2509651948844,-239.6711834471082,13.200807029057552
2025-06-30,7,Foreign_Bond_Investment,TREE_DLM,diff,unit_change,-775.3217563418872,-872.8809378629804,-97.55918152109325,-2590.9015380896635,-2928.1319030578647,-337.23036496820123,13.015946766423614
2025-07-31,8,Foreign_Bond_Investment,TREE_DLM,diff,unit_change,-378.78935798884186,581.719782940291,960.5091409291329,-2969.6908960785054,-2346.412120117574,623.2787759609314,-20.98800170697815
2025-08-31,9,Foreign_Bond_Investment,TREE_DLM,diff,unit_change,192.96325614948648,54.09944957463447,-138.86380657485202,-2776.727639929019,-2292.3126705429395,484.4149693860795,-17.44553417556151
2025-09-30,10,Foreign_Bond_Investment,TREE_DLM,diff,unit_change,-277.8454607240721,-250.73169829020952,27.113762433862576,-3054.573100653091,-2543.044368833149,511.5287318199421,-16.746324771555585
2025-10-31,11,Foreign_Bond_Investment,TREE_DLM,diff,unit_change,-1272.4330283888153,-1733.4753155555115,-461.04228716669627,-4327.006129041906,-4276.519684388661,50.4864446532456,-1.1667754365863217
2025-11-30,12,Foreign_Bond_Investment,TREE_DLM,diff,unit_change,137.8905852023871,311.11002686905357,173.21944166666648,-4189.115543839519,-3965.409657519607,223.70588631991177,-5.340169875450008
2025-12-31,13,Foreign_Bond_Investment,TREE_DLM,diff,unit_change,-591.134163931921,-628.3463555985878,-37.212191666666854,-4780.24970777144,-4593.756013118195,186.49369465324435,-3.9013379227878877
2026-01-31,14,Foreign_Bond_Investment,TREE_DLM,diff,unit_change,-303.34632664224955,-303.34632664224955,0.0,-5083.596034413689,-4897.102339760445,186.49369465324435,-3.6685388333527054
2026-02-28,15,Foreign_Bond_Investment,TREE_DLM,diff,unit_change,-1188.4222976028773,-1188.4222976028773,0.0,-6272.018332016567,-6085.524637363322,186.49369465324526,-2.9734239407633263
2024-12-31,1,Foreign_Stock_Investment,RIDGE_DLM,diff,unit_change,70.28359732004215,70.28359732004215,0.0,-3199.516402679958,-3199.516402679958,0.0,-0.0
2025-01-31,2,Foreign_Stock_Investment,RIDGE_DLM,diff,unit_change,324.20196998104194,324.20196998104194,0.0,-2875.314432698916,-2875.314432698916,0.0,-0.0
2025-02-28,3,Foreign_Stock_Investment,RIDGE_DLM,diff,unit_change,-97.02016423729214,-97.02016423729214,0.0,-2972.334596936208,-2972.334596936208,0.0,-0.0
2025-03-31,4,Foreign_Stock_Investment,RIDGE_DLM,diff,unit_change,-248.12268862856814,-248.12268862856814,0.0,-3220.457285564776,-3220.457285564776,0.0,-0.0
2025-04-30,5,Foreign_Stock_Investment,RIDGE_DLM,diff,unit_change,86.20999298884894,86.20999298884894,0.0,-3134.247292575927,-3134.247292575927,0.0,-0.0
2025-05-31,6,Foreign_Stock_Investment,RIDGE_DLM,diff,unit_change,71.22599182068045,454.57046884932186,383.3444770286414,-3063.0213007552466,-2679.676823726605,383.34447702864145,-12.515240326083287
2025-06-30,7,Foreign_Stock_Investment,RIDGE_DLM,diff,unit_change,-34.83910111457456,64.9219323716137,99.76103348618827,-3097.860401869821,-2614.7548913549913,483.1055105148298,-15.594812155616655
2025-07-31,8,Foreign_Stock_Investment,RIDGE_DLM,diff,unit_change,-159.44577838645912,-40.98558618872379,118.46019219773534,-3257.30618025628,-2655.740477543715,601.5657027125653,-18.46819639980037
2025-08-31,9,Foreign_Stock_Investment,RIDGE_DLM,diff,unit_change,-372.5898213443281,-560.0561933823143,-187.46637203798622,-3629.896001600608,-3215.796670926029,414.09933067457905,-11.4080218962742
2025-09-30,10,Foreign_Stock_Investment,RIDGE_DLM,diff,unit_change,95.19433402705543,250.72626638063457,155.53193235357912,-3534.7016675735526,-2965.0704045453945,569.6312630281582,-16.11539859937288
2025-10-31,11,Foreign_Stock_Investment,RIDGE_DLM,diff,unit_change,-129.04225126000398,369.3628439704422,498.4050952304462,-3663.7439188335566,-2595.7075605749524,1068.0363582586042,-29.151501358169156
2025-11-30,12,Foreign_Stock_Investment,RIDGE_DLM,diff,unit_change,-293.4032629304208,-425.00030758525395,-131.59704465483316,-3957.147181763977,-3020.707868160206,936.4393136037711,-23.664505528609997
2025-12-31,13,Foreign_Stock_Investment,RIDGE_DLM,diff,unit_change,-106.26325168402246,-71.51685296617035,34.74639871785212,-4063.410433448,-3092.2247211263766,971.1857123216232,-23.900753522885584
2026-01-31,14,Foreign_Stock_Investment,RIDGE_DLM,diff,unit_change,41.88405614228469,32.70974506997584,-9.174311072308853,-4021.526377305715,-3059.514976056401,962.0114012493141,-23.921548959075306
2026-02-28,15,Foreign_Stock_Investment,RIDGE_DLM,diff,unit_change,32.06518876818568,34.487540055147804,2.422351286962126,-3989.4611885375293,-3025.027436001253,964.4337525362762,-24.174536534088244
2024-12-31,1,Foreign_Stock_Investment,TREE_DLM,diff,unit_change,-367.00867278606677,-367.00867278606677,0.0,-3636.808672786067,-3636.808672786067,0.0,-0.0
2025-01-31,2,Foreign_Stock_Investment,TREE_DLM,diff,unit_change,133.4726845109936,133.4726845109936,0.0,-3503.3359882750733,-3503.3359882750733,0.0,-0.0
2025-02-28,3,Foreign_Stock_Investment,TREE_DLM,diff,unit_change,-192.61985053590394,-192.61985053590394,0.0,-3695.955838810977,-3695.955838810977,0.0,-0.0
2025-03-31,4,Foreign_Stock_Investment,TREE_DLM,diff,unit_change,-529.8018337907271,-529.8018337907271,0.0,-4225.757672601704,-4225.757672601704,0.0,-0.0
2025-04-30,5,Foreign_Stock_Investment,TREE_DLM,diff,unit_change,-573.3149423547726,-573.3149423547726,0.0,-4799.072614956477,-4799.072614956477,0.0,-0.0
2025-05-31,6,Foreign_Stock_Investment,TREE_DLM,diff,unit_change,-158.74331111760435,-36.383036319791735,122.36027479781262,-4957.815926074081,-4835.455651276269,122.36027479781205,-2.4680277892992453
2025-06-30,7,Foreign_Stock_Investment,TREE_DLM,diff,unit_change,-58.690139997237466,64.53917082897337,123.22931082621083,-5016.506066071319,-4770.916480447296,245.58958562402313,-4.895630193393882
2025-07-31,8,Foreign_Stock_Investment,TREE_DLM,diff,unit_change,-441.3479255914922,-136.3848200960616,304.96310549543057,-5457.853991662811,-4907.301300543358,550.5526911194529,-10.087347370604896
2025-08-31,9,Foreign_Stock_Investment,TREE_DLM,diff,unit_change,-653.5343051008454,-914.577424942116,-261.0431198412706,-6111.388296763656,-5821.878725485473,289.5095712781831,-4.73721447926154
2025-09-30,10,Foreign_Stock_Investment,TREE_DLM,diff,unit_change,35.31725531638645,576.2018324467125,540.8845771303261,-6076.07104144727,-5245.676893038761,830.394148408509,-13.666630010479864
2025-10-31,11,Foreign_Stock_Investment,TREE_DLM,diff,unit_change,-185.56345005080252,177.87555928686484,363.43900933766736,-6261.634491498072,-5067.801333751896,1193.8331577461759,-19.065839109055947
2025-11-30,12,Foreign_Stock_Investment,TREE_DLM,diff,unit_change,-712.974098843907,-639.6364793994629,73.33761944444404,-6974.608590341979,-5707.437813151359,1267.1707771906204,-18.168342506636467
2025-12-31,13,Foreign_Stock_Investment,TREE_DLM,diff,unit_change,-752.3639054798638,-768.9403082576415,-16.57640277777773,-7726.972495821843,-6476.378121409,1250.5943744128426,-16.18479132789807
2026-01-31,14,Foreign_Stock_Investment,TREE_DLM,diff,unit_change,-65.35866048221983,-65.35866048221983,0.0,-7792.3311563040625,-6541.73678189122,1250.5943744128426,-16.049040387626505
2026-02-28,15,Foreign_Stock_Investment,TREE_DLM,diff,unit_change,-1008.9975065762328,-1008.9975065762328,0.0,-8801.328662880296,-7550.734288467453,1250.5943744128435,-14.209154348334241
2024-12-31,1,Trade_Balance,RIDGE_DLM,diff,unit_change,-139.9550283932101,-139.9550283932101,0.0,10133.644971606791,10133.644971606791,0.0,0.0
2025-01-31,2,Trade_Balance,RIDGE_DLM,diff,unit_change,316.4063961270936,316.4063961270936,0.0,10450.051367733884,10450.051367733884,0.0,0.0
2025-02-28,3,Trade_Balance,RIDGE_DLM,diff,unit_change,153.15942283695415,153.15942283695415,0.0,10603.210790570838,10603.210790570838,0.0,0.0
2025-03-31,4,Trade_Balance,RIDGE_DLM,diff,unit_change,284.99302549939114,284.99302549939114,0.0,10888.203816070229,10888.203816070229,0.0,0.0
2025-04-30,5,Trade_Balance,RIDGE_DLM,diff,unit_change,297.92433129575875,297.92433129575875,0.0,11186.128147365987,11186.128147365987,0.0,0.0
2025-05-31,6,Trade_Balance,RIDGE_DLM,diff,unit_change,374.40672844093467,875.3737649759175,500.96703653498287,11560.534875806921,12061.501912341904,500.967036534983,4.333424377996313
2025-06-30,7,Trade_Balance,RIDGE_DLM,diff,unit_change,-327.75007346819024,-529.4604915139209,-201.7104180457307,11232.78480233873,11532.041420827984,299.256618489253,2.664135597318183
2025-07-31,8,Trade_Balance,RIDGE_DLM,diff,unit_change,144.52033092718844,186.15884217798762,41.63851125079918,11377.30513326592,11718.20026300597,340.89512974005083,2.9962730694750643
2025-08-31,9,Trade_Balance,RIDGE_DLM,diff,unit_change,-3.2899392413971214,312.2124044006761,315.50234364207324,11374.015194024523,12030.412667406647,656.3974733821233,5.771026872963645
2025-09-30,10,Trade_Balance,RIDGE_DLM,diff,unit_change,53.806533546674444,174.2323586652516,120.42582511857717,11427.821727571198,12204.645026071898,776.8232985006998,6.797649779804547
2025-10-31,11,Trade_Balance,RIDGE_DLM,diff,unit_change,-146.44965474762103,-222.3956375965874,-75.94598284896637,11281.372072823577,11982.24938847531,700.8773156517327,6.212695682115841
2025-11-30,12,Trade_Balance,RIDGE_DLM,diff,unit_change,297.81792405993406,331.6461422887718,33.82821822883773,11579.189996883511,12313.89553076408,734.7055338805694,6.345051200285272
2025-12-31,13,Trade_Balance,RIDGE_DLM,diff,unit_change,122.46333259541848,107.39540792567479,-15.06792466974369,11701.65332947893,12421.290938689755,719.6376092108258,6.149879755862422
2026-01-31,14,Trade_Balance,RIDGE_DLM,diff,unit_change,398.80138648586365,405.5130126293749,6.711626143511239,12100.454715964794,12826.80395131913,726.349235354337,6.002660663619729
2026-02-28,15,Trade_Balance,RIDGE_DLM,diff,unit_change,112.52739467625868,109.53787047318674,-2.9895242030719373,12212.982110641053,12936.341821792317,723.3597111512645,5.922875384555
2024-12-31,1,Trade_Balance,TREE_DLM,diff,unit_change,-537.4651306761612,-537.4651306761612,0.0,9736.13486932384,9736.13486932384,0.0,0.0
2025-01-31,2,Trade_Balance,TREE_DLM,diff,unit_change,8.412531061888801,8.412531061888801,0.0,9744.547400385729,9744.547400385729,0.0,0.0
2025-02-28,3,Trade_Balance,TREE_DLM,diff,unit_change,437.772681544788,437.772681544788,0.0,10182.320081930517,10182.320081930517,0.0,0.0
2025-03-31,4,Trade_Balance,TREE_DLM,diff,unit_change,-478.7376264505135,-478.7376264505135,0.0,9703.582455480004,9703.582455480004,0.0,0.0
2025-04-30,5,Trade_Balance,TREE_DLM,diff,unit_change,717.7086584742916,717.7086584742916,0.0,10421.291113954296,10421.291113954296,0.0,0.0
2025-05-31,6,Trade_Balance,TREE_DLM,diff,unit_change,552.3337706660155,930.7186019258861,378.38483125987057,10973.62488462031,11352.009715880182,378.38483125987113,3.448129813423664
2025-06-30,7,Trade_Balance,TREE_DLM,diff,unit_change,319.72111757558696,-130.24229256889794,-449.9634101444849,11293.346002195898,11221.767423311285,-71.57857888461331,-0.6338119709667572
2025-07-31,8,Trade_Balance,TREE_DLM,diff,unit_change,404.0561319264896,-54.99465103786555,-459.05078296435516,11697.402134122387,11166.77277227342,-530.6293618489672,-4.536300930452524
2025-08-31,9,Trade_Balance,TREE_DLM,diff,unit_change,369.5387886516361,951.6447074445391,582.105918792903,12066.940922774023,12118.417479717958,51.476556943935066,0.4265916048928606
2025-09-30,10,Trade_Balance,TREE_DLM,diff,unit_change,581.7901627271699,306.2619107500053,-275.5282519771646,12648.731085501193,12424.679390467963,-224.0516950332294,-1.7713373263983152
2025-10-31,11,Trade_Balance,TREE_DLM,diff,unit_change,-434.3963477361162,-183.342886571842,251.05346116427418,12214.334737765077,12241.336503896122,27.00176613104486,0.22106620385602366
2025-11-30,12,Trade_Balance,TREE_DLM,diff,unit_change,19.90731878527653,-55.76158956454351,-75.66890834982004,12234.242056550354,12185.574914331579,-48.66714221877555,-0.3977945016440033
2025-12-31,13,Trade_Balance,TREE_DLM,diff,unit_change,313.7898237653041,335.3985986191054,21.60877485380132,12548.031880315659,12520.973512950684,-27.0583673649744,-0.21563833773343682
2026-01-31,14,Trade_Balance,TREE_DLM,diff,unit_change,-205.32621125956388,-211.76804459289724,-6.4418333333333635,12342.705669056095,12309.205468357788,-33.5002006983068,-0.2714169939439925
2026-02-28,15,Trade_Balance,TREE_DLM,diff,unit_change,754.2671756744578,756.5353978966799,2.268222222222107,13096.972844730553,13065.740866254468,-31.231978476085715,-0.23846715455817422
