observation_date,Headline,Core,Shelter,Food,Energy,MedicalCare,Transportation,Apparel,Durables,Services
1947-01-01,21.48,,,,,13.2,17.9,38.4,,
1947-02-01,21.62,,,,,13.3,17.9,38.8,,
1947-03-01,22.0,,,,,13.3,18.1,39.4,,
1947-04-01,22.0,,,,,13.4,18.3,39.7,,
1947-05-01,21.95,,,,,13.5,18.3,39.8,,
1947-06-01,22.08,,,,,13.5,18.4,40.0,,
1947-07-01,22.23,,,,,13.5,18.5,40.0,,
1947-08-01,22.4,,,,,13.6,18.5,40.1,,
1947-09-01,22.84,,,,,13.7,18.7,40.2,,
1947-10-01,22.91,,,,,13.8,18.8,40.4,,
1947-11-01,23.06,,,,,13.8,19.0,40.6,,
1947-12-01,23.41,,,,,13.9,19.1,41.0,,
1948-01-01,23.68,,,,,14.0,19.6,41.3,,
1948-02-01,23.67,,,,,14.0,19.5,41.8,,
1948-03-01,23.5,,,,,14.1,19.6,42.0,,
1948-04-01,23.82,,,,,14.3,19.9,42.1,,
1948-05-01,24.01,,,,,14.3,19.9,42.5,,
1948-06-01,24.15,,,,,14.4,20.0,42.4,,
1948-07-01,24.4,,,,,14.5,21.0,42.7,,
1948-08-01,24.43,,,,,14.6,21.3,43.1,,
1948-09-01,24.36,,,,,14.5,21.4,43.1,,
1948-10-01,24.31,,,,,14.6,21.5,43.1,,
1948-11-01,24.16,,,,,14.7,21.6,43.0,,
1948-12-01,24.05,,,,,14.7,21.6,43.0,,
1949-01-01,24.01,,,,,14.7,21.6,42.2,,
1949-02-01,23.91,,,,,14.8,21.8,41.8,,
1949-03-01,23.91,,,,,14.8,21.9,41.6,,
1949-04-01,23.92,,,,,14.8,22.0,41.3,,
1949-05-01,23.91,,,,,14.8,22.2,41.1,,
1949-06-01,23.92,,,,,14.8,22.1,41.0,,
1949-07-01,23.7,,,,,14.8,22.2,40.8,,
1949-08-01,23.7,,,,,14.9,22.3,40.5,,
1949-09-01,23.75,,,,,14.9,22.2,40.2,,
1949-10-01,23.67,,,,,14.9,22.3,39.9,,
1949-11-01,23.7,,,,,14.9,22.3,39.8,,
1949-12-01,23.61,,,,,14.9,22.5,39.8,,
1950-01-01,23.51,,,,,14.9,22.4,39.7,,
1950-02-01,23.61,,,,,15.0,22.4,39.7,,
1950-03-01,23.64,,,,,14.9,22.4,39.7,,
1950-04-01,23.65,,,,,15.0,22.4,39.7,,
1950-05-01,23.77,,,,,15.0,22.5,39.7,,
1950-06-01,23.88,,,,,15.0,22.5,39.7,,
1950-07-01,24.07,,,,,15.1,22.7,39.9,,
1950-08-01,24.2,,,,,15.1,22.9,40.1,,
1950-09-01,24.34,,,,,15.2,22.9,40.6,,
1950-10-01,24.5,,,,,15.3,22.9,41.2,,
1950-11-01,24.6,,,,,15.3,23.0,41.5,,
1950-12-01,24.98,,,,,15.4,23.2,41.9,,
1951-01-01,25.38,,,,,15.4,23.3,42.6,,
1951-02-01,25.83,,,,,15.5,23.6,43.3,,
1951-03-01,25.88,,,,,15.7,23.8,43.5,,
1951-04-01,25.92,,,,,15.7,23.9,43.8,,
1951-05-01,25.99,,,,,15.8,24.0,43.9,,
1951-06-01,25.93,,,,,15.8,24.1,43.9,,
1951-07-01,25.91,,,,,15.8,24.1,44.0,,
1951-08-01,25.86,,,,,15.9,24.2,44.0,,
1951-09-01,26.03,,,,,15.9,24.4,44.8,,
1951-10-01,26.16,,,,,16.0,24.5,44.7,,
1951-11-01,26.32,,,,,16.1,24.8,44.4,,
1951-12-01,26.47,,,,,16.3,24.9,44.3,,
1952-01-01,26.45,,,,,16.3,25.0,43.9,,
1952-02-01,26.41,,,,,16.4,25.2,43.9,,
1952-03-01,26.39,,,,,16.5,25.3,43.7,,
1952-04-01,26.46,,,,,16.5,25.5,43.6,,
1952-05-01,26.47,,,,,16.5,25.6,43.6,,
1952-06-01,26.53,,,,,16.8,25.8,43.5,,
1952-07-01,26.68,,,,,16.9,26.0,43.5,,
1952-08-01,26.69,,,,,16.9,25.9,43.4,,
1952-09-01,26.63,,,,,16.9,26.0,43.3,,
1952-10-01,26.69,,,,,16.9,26.1,43.1,,
1952-11-01,26.69,,,,,16.9,26.2,43.0,,
1952-12-01,26.71,,,,,17.0,26.2,43.0,,
1953-01-01,26.64,,21.7,,,17.0,26.3,43.0,,
1953-02-01,26.59,,21.8,,,17.0,26.2,43.0,,
1953-03-01,26.63,,21.8,,,17.0,26.3,43.0,,
1953-04-01,26.69,,21.9,,,17.1,26.4,43.1,,
1953-05-01,26.7,,21.9,,,17.2,26.4,43.2,,
1953-06-01,26.77,,21.9,,,17.3,26.5,43.3,,
1953-07-01,26.79,,22.0,,,17.3,26.6,43.3,,
1953-08-01,26.85,,22.0,,,17.4,26.7,43.2,,
1953-09-01,26.89,,22.1,,,17.5,26.7,43.2,,
1953-10-01,26.95,,22.2,,,17.5,26.6,43.2,,
1953-11-01,26.85,,22.2,,,17.6,26.3,43.3,,
1953-12-01,26.87,,22.3,,,17.6,26.2,43.2,,
1954-01-01,26.94,,22.3,,,17.6,26.5,43.3,,
1954-02-01,26.99,,22.3,,,17.7,26.3,43.2,,
1954-03-01,26.93,,22.4,,,17.7,26.3,43.0,,
1954-04-01,26.86,,22.4,,,17.8,26.4,43.0,,
1954-05-01,26.93,,22.5,,,17.8,26.4,43.1,,
1954-06-01,26.94,,22.5,,,17.8,26.4,43.2,,
1954-07-01,26.86,,22.5,,,17.8,26.0,43.1,,
1954-08-01,26.85,,22.5,,,17.9,25.9,43.0,,
1954-09-01,26.81,,22.6,,,17.9,25.9,42.9,,
1954-10-01,26.72,,22.6,,,17.9,25.4,42.9,,
1954-11-01,26.78,,22.6,,,18.0,25.8,42.9,,
1954-12-01,26.77,,22.7,,,18.0,25.8,42.9,,
1955-01-01,26.77,,22.7,,,18.0,25.9,42.8,,
1955-02-01,26.82,,22.7,,,18.1,25.9,42.8,,
1955-03-01,26.79,,22.7,,,18.1,25.9,42.7,,
1955-04-01,26.79,,22.7,,,18.1,25.6,42.8,,
1955-05-01,26.77,,22.7,,,18.2,25.7,42.8,,
1955-06-01,26.71,,22.7,,,18.2,25.8,42.8,,
1955-07-01,26.76,,22.7,,,18.2,25.7,42.8,,
1955-08-01,26.72,,22.8,,,18.3,25.6,42.9,,
1955-09-01,26.85,,22.8,,,18.3,25.7,43.0,,
1955-10-01,26.82,,22.9,,,18.4,25.8,43.0,,
1955-11-01,26.88,,22.9,,,18.5,26.0,43.0,,
1955-12-01,26.87,,22.9,,,18.6,25.8,43.1,,
1956-01-01,26.83,,22.9,,,18.6,25.8,43.2,35.7,20.7
1956-02-01,26.86,,22.9,,,18.7,25.8,43.5,35.8,20.7
1956-03-01,26.89,,22.9,,,18.7,25.8,43.5,35.8,20.7
1956-04-01,26.93,,22.9,,,18.8,25.8,43.6,35.7,20.8
1956-05-01,27.03,,22.9,,,18.8,26.0,43.6,35.8,20.8
1956-06-01,27.15,,23.1,,,18.8,26.0,43.6,35.9,20.9
1956-07-01,27.29,,23.2,,,18.9,26.2,43.8,36.1,20.9
1956-08-01,27.31,,23.3,,,19.0,26.3,43.9,36.2,21.0
1956-09-01,27.35,,23.3,,,19.1,26.4,44.0,36.3,21.1
1956-10-01,27.51,,23.3,,,19.1,27.0,44.0,36.6,21.1
1956-11-01,27.51,,23.3,,,19.1,26.9,44.1,36.6,21.2
1956-12-01,27.63,,23.5,,,19.2,27.0,44.3,36.7,21.3
1957-01-01,27.67,28.5,23.5,,21.3,19.3,27.2,44.3,36.9,21.4
1957-02-01,27.8,28.6,23.7,,21.4,19.3,27.4,44.3,37.0,21.4
1957-03-01,27.86,28.7,23.8,,21.5,19.4,27.5,44.5,37.2,21.6
1957-04-01,27.93,28.8,23.9,,21.6,19.5,27.7,44.4,37.3,21.6
1957-05-01,28.0,28.8,23.9,,21.6,19.6,27.6,44.5,37.2,21.7
1957-06-01,28.11,28.9,23.9,,21.6,19.7,27.7,44.5,37.3,21.8
1957-07-01,28.19,29.0,24.0,,21.5,19.7,27.8,44.5,37.2,21.8
1957-08-01,28.28,29.0,24.0,,21.4,19.8,27.8,44.6,37.3,21.9
1957-09-01,28.32,29.1,24.1,,21.4,19.8,27.9,44.5,37.4,22.0
1957-10-01,28.32,29.2,24.2,,21.4,19.9,27.5,44.6,37.1,22.1
1957-11-01,28.41,29.3,24.2,,21.5,20.0,28.3,44.7,37.6,22.2
1957-12-01,28.47,29.3,24.3,,21.5,20.1,28.1,44.6,37.6,22.2
1958-01-01,28.64,29.3,24.3,,21.6,20.2,28.1,44.8,37.7,22.3
1958-02-01,28.7,29.4,24.4,,21.3,20.2,28.2,44.7,37.7,22.4
1958-03-01,28.87,29.5,24.4,,21.4,20.3,28.3,44.7,37.7,22.4
1958-04-01,28.94,29.5,24.5,,21.4,20.4,28.3,44.7,37.7,22.5
1958-05-01,28.94,29.5,24.6,,21.5,20.5,28.4,44.7,37.8,22.6
1958-06-01,28.91,29.6,24.5,,21.5,20.6,28.4,44.8,37.7,22.6
1958-07-01,28.89,29.6,24.5,,21.6,20.7,28.7,44.7,37.8,22.7
1958-08-01,28.94,29.6,24.5,,21.7,20.7,28.8,44.7,37.8,22.7
1958-09-01,28.91,29.7,24.5,,21.7,20.9,28.9,44.5,37.9,22.8
1958-10-01,28.91,29.7,24.4,,21.7,21.0,28.9,44.5,37.8,22.8
1958-11-01,28.95,29.8,24.5,,21.4,21.0,29.1,44.7,38.1,22.8
1958-12-01,28.97,29.9,24.5,,21.4,21.1,29.2,44.7,38.2,22.8
1959-01-01,29.01,29.9,24.5,,21.4,21.1,29.3,44.8,38.1,22.9
1959-02-01,29.0,29.9,24.5,,21.6,21.2,29.4,44.7,38.1,23.0
1959-03-01,28.97,30.0,24.6,,21.7,21.3,29.6,44.7,38.3,23.0
1959-04-01,28.98,30.0,24.6,,21.8,21.3,29.7,44.8,38.3,23.1
1959-05-01,29.04,30.1,24.7,,21.8,21.4,29.7,44.9,38.4,23.2
1959-06-01,29.11,30.2,24.7,,21.9,21.5,29.8,45.0,38.4,23.2
1959-07-01,29.15,30.2,24.7,,21.8,21.5,29.9,45.1,38.5,23.3
1959-08-01,29.18,30.2,24.8,,21.9,21.6,29.9,45.2,38.4,23.4
1959-09-01,29.25,30.3,24.8,,21.9,21.7,30.0,45.3,38.5,23.5
1959-10-01,29.35,30.4,24.9,,22.2,21.7,30.1,45.3,38.5,23.6
1959-11-01,29.35,30.4,25.0,,22.2,21.8,30.1,45.3,38.5,23.6
1959-12-01,29.41,30.5,25.0,,22.3,21.8,30.1,45.3,38.5,23.7
1960-01-01,29.37,30.5,25.0,,22.3,21.9,30.0,45.3,38.5,23.7
1960-02-01,29.41,30.6,25.1,,22.2,22.0,30.0,45.5,38.5,23.8
1960-03-01,29.41,30.6,25.1,,22.3,22.1,29.9,45.5,38.4,23.9
1960-04-01,29.54,30.6,25.2,,22.4,22.2,29.9,45.6,38.3,23.9
1960-05-01,29.57,30.6,25.2,,22.3,22.2,29.8,45.7,38.2,24.0
1960-06-01,29.61,30.7,25.2,,22.4,22.2,29.8,45.7,38.1,24.0
1960-07-01,29.55,30.6,25.2,,22.5,22.3,29.8,45.8,38.1,24.1
1960-08-01,29.61,30.6,25.3,,22.5,22.3,29.8,45.8,38.1,24.1
1960-09-01,29.61,30.6,25.3,,22.6,22.4,29.6,45.9,37.9,24.2
1960-10-01,29.75,30.8,25.4,,22.5,22.4,29.6,46.0,37.9,24.2
1960-11-01,29.78,30.8,25.4,,22.7,22.5,29.6,45.9,37.8,24.3
1960-12-01,29.81,30.7,25.4,,22.6,22.6,29.7,45.9,37.9,24.3
1961-01-01,29.84,30.8,25.4,,22.7,22.6,29.7,46.0,37.8,24.4
1961-02-01,29.84,30.8,25.4,,22.6,22.7,29.8,46.0,37.9,24.4
1961-03-01,29.84,30.9,25.4,,22.6,22.7,29.8,46.0,37.9,24.4
1961-04-01,29.81,30.9,25.4,,22.2,22.8,29.8,45.9,37.9,24.5
1961-05-01,29.84,30.9,25.4,,22.4,22.8,30.0,46.0,38.0,24.5
1961-06-01,29.84,31.0,25.4,,22.5,22.9,30.1,46.0,38.1,24.5
1961-07-01,29.92,31.0,25.5,,22.5,22.9,30.3,46.1,38.2,24.5
1961-08-01,29.94,31.1,25.4,,22.5,23.0,30.4,46.1,38.3,24.6
1961-09-01,29.98,31.1,25.5,,22.6,23.1,30.5,46.2,38.3,24.6
1961-10-01,29.98,31.1,25.5,,22.4,23.1,30.5,46.2,38.3,24.7
1961-11-01,29.98,31.2,25.6,,22.5,23.1,30.4,46.1,38.3,24.7
1961-12-01,30.01,31.2,25.6,,22.4,23.2,30.3,46.1,38.3,24.8
1962-01-01,30.04,31.2,25.6,,22.4,23.2,30.4,46.0,38.3,24.8
1962-02-01,30.11,31.2,25.6,,22.6,23.3,30.5,46.1,38.3,24.8
1962-03-01,30.17,31.3,25.6,,22.4,23.4,30.5,46.2,38.4,24.9
1962-04-01,30.21,31.3,25.6,,22.7,23.4,30.9,46.2,38.5,24.9
1962-05-01,30.24,31.4,25.7,,22.7,23.5,30.9,46.2,38.6,25.0
1962-06-01,30.21,31.4,25.8,,22.5,23.5,30.9,46.3,38.6,25.0
1962-07-01,30.22,31.4,25.8,,22.3,23.6,30.6,46.4,38.6,25.1
1962-08-01,30.28,31.5,25.8,,22.4,23.6,30.8,46.2,38.7,25.1
1962-09-01,30.42,31.5,25.8,,22.8,23.6,31.0,46.6,38.7,25.1
1962-10-01,30.38,31.5,25.8,,22.7,23.7,30.9,46.7,38.6,25.1
1962-11-01,30.38,31.5,25.8,,22.7,23.7,30.9,46.5,38.6,25.2
1962-12-01,30.38,31.6,25.8,,22.8,23.8,30.9,46.4,38.5,25.2
1963-01-01,30.44,31.5,25.9,,22.8,23.9,30.6,46.6,38.3,25.3
1963-02-01,30.48,31.6,25.9,,22.7,23.9,30.7,46.7,38.3,25.3
1963-03-01,30.51,31.7,26.0,,22.7,23.9,30.8,46.7,38.5,25.3
1963-04-01,30.48,31.7,26.0,,22.6,23.9,30.8,46.8,38.5,25.4
1963-05-01,30.51,31.7,26.0,,22.6,24.0,30.9,46.7,38.5,25.4
1963-06-01,30.61,31.8,26.0,,22.5,24.1,30.9,46.8,38.6,25.5
1963-07-01,30.69,31.8,26.1,,22.7,24.1,30.9,46.9,38.7,25.5
1963-08-01,30.75,31.9,26.1,,22.6,24.2,31.0,47.0,38.7,25.6
1963-09-01,30.72,31.9,26.1,,22.5,24.2,31.0,47.0,38.7,25.6
1963-10-01,30.75,32.0,26.2,,22.7,24.2,31.2,47.1,38.8,25.6
1963-11-01,30.78,32.0,26.2,,22.6,24.3,31.1,47.2,38.8,25.7
1963-12-01,30.88,32.1,26.3,,22.6,24.3,31.2,47.2,38.9,25.8
1964-01-01,30.94,32.2,26.3,,22.8,24.4,31.4,47.2,38.9,25.8
1964-02-01,30.91,32.2,26.4,,22.2,24.4,31.3,47.2,39.0,25.8
1964-03-01,30.94,32.2,26.4,,22.6,24.4,31.4,47.2,39.0,25.8
1964-04-01,30.95,32.2,26.4,,22.5,24.5,31.3,47.3,39.0,25.9
1964-05-01,30.98,32.2,26.4,,22.5,24.5,31.3,47.3,38.9,25.9
1964-06-01,31.01,32.3,26.4,,22.6,24.6,31.4,47.3,38.9,26.0
1964-07-01,31.02,32.3,26.5,,22.5,24.6,31.3,47.4,38.9,26.0
1964-08-01,31.05,32.3,26.5,,22.6,24.7,31.4,47.4,38.9,26.0
1964-09-01,31.08,32.3,26.6,,22.5,24.7,31.3,47.2,39.0,26.0
1964-10-01,31.12,32.4,26.6,,22.5,24.7,31.3,47.2,38.9,26.1
1964-11-01,31.21,32.5,26.7,,22.5,24.8,31.4,47.3,39.0,26.2
1964-12-01,31.25,32.5,26.7,,22.6,24.8,31.7,47.4,39.0,26.2
1965-01-01,31.28,32.6,26.8,,22.8,24.8,31.9,47.5,39.2,26.3
1965-02-01,31.28,32.6,26.9,,22.7,24.9,31.8,47.5,39.1,26.4
1965-03-01,31.31,32.6,26.9,,22.6,25.0,31.8,47.5,39.1,26.4
1965-04-01,31.38,32.7,26.9,,22.9,25.0,31.9,47.6,39.0,26.5
1965-05-01,31.48,32.7,26.9,,23.0,25.1,32.0,47.7,38.9,26.5
1965-06-01,31.61,32.7,26.9,,23.1,25.1,31.9,47.8,38.8,26.5
1965-07-01,31.58,32.7,27.0,,23.0,25.3,31.9,47.7,38.7,26.6
1965-08-01,31.55,32.7,27.0,,23.0,25.3,31.9,47.8,38.5,26.6
1965-09-01,31.62,32.8,27.0,,23.1,25.3,31.9,47.8,38.5,26.7
1965-10-01,31.65,32.8,27.1,,23.0,25.4,31.8,47.9,38.5,26.8
1965-11-01,31.75,32.9,27.2,,23.1,25.5,31.9,48.0,38.6,26.9
1965-12-01,31.85,33.0,27.2,,23.1,25.5,32.0,48.1,38.7,26.9
1966-01-01,31.88,33.0,27.3,,23.1,25.6,31.9,48.3,38.6,27.0
1966-02-01,32.08,33.1,27.3,,23.2,25.6,32.0,48.4,38.6,27.0
1966-03-01,32.18,33.1,27.4,,23.2,25.8,32.1,48.5,38.7,27.1
1966-04-01,32.28,33.3,27.6,,23.2,25.9,32.2,48.7,38.7,27.3
1966-05-01,32.35,33.4,27.7,,23.2,26.0,32.1,48.8,38.8,27.4
1966-06-01,32.38,33.5,27.9,,23.3,26.1,32.2,48.9,38.8,27.5
1966-07-01,32.45,33.6,27.9,,23.4,26.3,32.5,49.1,38.9,27.7
1966-08-01,32.65,33.7,27.9,,23.3,26.4,32.6,49.1,39.0,27.7
1966-09-01,32.75,33.8,28.0,,23.4,26.7,32.6,49.4,39.0,27.9
1966-10-01,32.85,34.0,28.2,,23.4,26.9,32.7,49.6,39.0,28.0
1966-11-01,32.88,34.0,28.2,,23.5,27.1,32.8,49.7,39.0,28.2
1966-12-01,32.92,34.1,28.3,,23.5,27.2,32.6,49.9,38.9,28.2
1967-01-01,32.9,34.2,28.4,34.8,23.6,27.4,32.6,50.1,38.9,28.3
1967-02-01,33.0,34.2,28.5,34.7,23.7,27.5,32.8,50.3,39.0,28.4
1967-03-01,33.0,34.3,28.4,34.7,23.6,27.6,32.8,50.4,39.0,28.5
1967-04-01,33.1,34.4,28.5,34.6,23.9,27.8,33.0,50.6,39.1,28.6
1967-05-01,33.1,34.5,28.6,34.6,23.9,27.9,33.1,50.7,39.2,28.6
1967-06-01,33.3,34.6,28.7,34.9,23.8,28.1,33.1,50.9,39.3,28.8
1967-07-01,33.4,34.7,28.8,35.0,23.8,28.2,33.3,51.1,39.4,28.8
1967-08-01,33.5,34.9,28.9,35.2,23.9,28.3,33.4,51.3,39.6,28.9
1967-09-01,33.6,35.0,28.9,35.2,24.0,28.5,33.7,51.3,39.8,29.0
1967-10-01,33.7,35.1,29.0,35.3,23.9,28.7,33.6,51.5,39.9,29.2
1967-11-01,33.9,35.2,29.1,35.4,24.0,28.8,33.9,51.6,40.0,29.2
1967-12-01,34.0,35.4,29.2,35.5,23.9,29.0,33.9,51.9,40.2,29.4
1968-01-01,34.1,35.5,29.3,35.5,24.0,29.1,34.1,52.1,40.2,29.5
1968-02-01,34.2,35.7,29.4,35.7,24.1,29.2,34.2,52.4,40.3,29.6
1968-03-01,34.3,35.8,29.5,35.8,24.1,29.4,34.2,52.7,40.4,29.8
1968-04-01,34.4,35.9,29.6,36.0,24.0,29.5,34.1,53.0,40.4,29.9
1968-05-01,34.5,36.0,29.6,36.1,24.1,29.6,34.1,53.3,40.4,30.0
1968-06-01,34.7,36.2,30.0,36.1,24.2,29.7,34.3,53.5,40.5,30.2
1968-07-01,34.9,36.4,30.3,36.2,24.2,29.9,34.3,53.9,40.7,30.4
1968-08-01,35.0,36.5,30.5,36.3,24.3,30.0,34.4,54.2,40.8,30.6
1968-09-01,35.1,36.7,30.5,36.5,24.3,30.2,34.4,54.5,40.9,30.7
1968-10-01,35.3,36.9,30.7,36.8,24.3,30.4,34.5,54.8,40.9,30.9
1968-11-01,35.4,37.1,30.9,36.8,24.4,30.6,34.7,54.9,41.3,31.0
1968-12-01,35.6,37.2,31.1,37.0,24.3,30.8,34.5,55.2,41.1,31.2
1969-01-01,35.7,37.3,31.3,37.0,24.4,30.9,34.7,55.5,41.1,31.4
1969-02-01,35.8,37.6,31.4,37.0,24.4,31.2,35.2,55.7,41.6,31.5
1969-03-01,36.1,37.8,31.8,37.1,24.7,31.4,35.8,55.9,42.1,31.8
1969-04-01,36.3,38.1,32.1,37.4,24.9,31.6,35.8,56.2,42.2,32.0
1969-05-01,36.4,38.1,32.3,37.6,24.8,31.8,35.5,56.4,42.0,32.2
1969-06-01,36.6,38.3,32.4,38.0,25.0,31.9,35.6,56.7,42.1,32.3
1969-07-01,36.8,38.5,32.7,38.2,24.9,32.1,35.6,57.0,42.2,32.5
1969-08-01,36.9,38.7,32.9,38.4,24.9,32.2,35.7,57.0,42.3,32.7
1969-09-01,37.1,38.9,33.2,38.6,25.0,32.5,35.6,57.4,42.3,33.0
1969-10-01,37.3,39.1,33.4,38.7,25.0,32.3,35.9,57.6,42.7,33.1
1969-11-01,37.5,39.2,33.6,39.1,25.0,32.5,36.0,57.9,42.8,33.3
1969-12-01,37.7,39.4,33.8,39.5,25.1,32.6,36.2,58.0,42.9,33.5
1970-01-01,37.9,39.6,34.0,39.6,25.1,32.8,36.6,58.2,43.0,33.8
1970-02-01,38.1,39.8,34.4,39.8,25.1,33.0,36.7,58.5,43.2,34.0
1970-03-01,38.3,40.1,34.8,39.8,25.0,33.2,36.6,58.5,43.3,34.4
1970-04-01,38.5,40.4,35.0,39.9,25.5,33.5,37.1,58.7,43.5,34.6
1970-05-01,38.6,40.5,35.3,40.1,25.4,33.7,37.2,58.8,43.8,34.8
1970-06-01,38.8,40.8,35.5,40.1,25.3,33.9,37.4,59.0,44.0,35.0
1970-07-01,38.9,40.9,35.6,40.2,25.5,34.1,37.6,59.1,44.1,35.2
1970-08-01,39.0,41.1,35.9,40.2,25.4,34.3,37.5,59.3,44.3,35.4
1970-09-01,39.2,41.3,36.2,40.4,25.6,34.5,37.7,59.6,44.5,35.6
1970-10-01,39.4,41.5,36.3,40.5,25.9,34.6,38.1,59.8,44.8,35.8
1970-11-01,39.6,41.8,36.5,40.4,26.0,34.8,38.5,60.1,45.1,36.0
1970-12-01,39.8,42.0,36.8,40.5,26.2,35.1,38.9,60.3,45.4,36.2
1971-01-01,39.9,42.1,36.8,40.5,26.3,35.2,39.2,60.4,45.5,36.4
1971-02-01,39.9,42.2,36.6,40.5,26.2,35.4,39.4,60.6,45.6,36.5
1971-03-01,40.0,42.2,36.4,40.9,26.2,35.6,39.4,60.6,45.7,36.5
1971-04-01,40.1,42.4,36.4,41.1,26.1,35.8,39.4,60.7,45.8,36.6
1971-05-01,40.3,42.6,36.5,41.3,26.2,36.0,39.4,61.1,46.0,36.7
1971-06-01,40.5,42.8,36.9,41.5,26.3,36.2,39.6,61.2,46.1,37.0
1971-07-01,40.6,42.9,37.0,41.6,26.3,36.4,39.6,61.3,46.2,37.1
1971-08-01,40.7,43.0,37.2,41.6,26.8,36.5,39.7,61.1,46.1,37.3
1971-09-01,40.8,43.0,37.4,41.6,26.9,36.7,39.5,61.3,46.0,37.4
1971-10-01,40.9,43.1,37.5,41.7,27.0,36.5,39.5,61.4,46.0,37.5
1971-11-01,41.0,43.2,37.7,41.9,26.9,36.6,39.4,61.5,46.1,37.6
1971-12-01,41.1,43.3,37.8,42.3,27.0,36.7,39.4,61.6,46.2,37.7
1972-01-01,41.2,43.5,38.0,42.2,27.0,36.8,39.7,61.7,46.4,37.9
1972-02-01,41.4,43.6,38.1,42.6,26.8,36.9,39.6,61.9,46.5,38.0
1972-03-01,41.4,43.6,38.2,42.6,26.9,37.0,39.6,61.9,46.5,38.1
1972-04-01,41.5,43.8,38.3,42.6,26.9,37.1,39.6,62.1,46.6,38.2
1972-05-01,41.6,43.9,38.4,42.7,27.0,37.2,39.7,62.2,46.7,38.3
1972-06-01,41.7,44.0,38.6,42.8,27.0,37.3,39.7,62.2,46.8,38.4
1972-07-01,41.8,44.1,38.8,43.1,27.1,37.3,39.8,62.2,47.0,38.5
1972-08-01,41.9,44.3,39.0,43.1,27.3,37.4,40.0,62.0,47.1,38.6
1972-09-01,42.1,44.3,39.0,43.5,27.6,37.4,40.2,62.5,47.2,38.7
1972-10-01,42.2,44.4,39.1,43.7,27.7,37.8,40.1,62.8,47.2,38.8
1972-11-01,42.4,44.4,39.2,43.9,27.9,37.8,40.3,63.0,47.3,38.9
1972-12-01,42.5,44.6,39.3,44.1,27.8,37.9,40.4,63.2,47.5,39.0
1973-01-01,42.7,44.6,39.4,44.8,27.9,38.0,40.4,63.2,47.5,39.1
1973-02-01,43.0,44.8,39.5,45.5,28.2,38.1,40.6,63.4,47.6,39.2
1973-03-01,43.4,45.0,39.6,46.5,28.3,38.2,40.7,63.8,47.7,39.4
1973-04-01,43.7,45.1,39.7,47.2,28.6,38.3,41.0,64.2,47.9,39.5
1973-05-01,43.9,45.3,39.9,47.8,28.8,38.5,41.0,64.4,48.0,39.6
1973-06-01,44.2,45.4,40.0,48.3,29.2,38.6,41.2,64.6,48.0,39.8
1973-07-01,44.2,45.5,40.1,48.4,29.2,38.6,41.2,64.6,48.1,39.9
1973-08-01,45.0,45.7,40.5,50.9,29.4,38.7,41.2,64.9,48.2,40.2
1973-09-01,45.2,46.0,41.0,50.9,29.4,38.9,41.1,65.2,48.2,40.5
1973-10-01,45.6,46.3,41.6,51.2,30.3,39.6,41.4,65.4,48.4,41.0
1973-11-01,45.9,46.5,41.8,51.8,31.5,39.7,41.8,65.7,48.5,41.3
1973-12-01,46.3,46.7,42.1,52.3,32.5,39.9,42.2,66.0,48.6,41.5
1974-01-01,46.8,46.9,42.4,52.9,34.1,40.1,42.8,66.3,48.9,41.8
1974-02-01,47.3,47.2,42.7,54.0,35.4,40.3,43.4,67.0,49.1,42.0
1974-03-01,47.8,47.6,43.0,54.5,36.9,40.7,44.2,67.5,49.3,42.4
1974-04-01,48.1,47.9,43.2,54.4,37.6,41.0,44.7,68.2,49.7,42.6
1974-05-01,48.6,48.5,43.5,54.8,38.3,41.4,45.3,68.7,50.3,43.1
1974-06-01,49.0,49.0,43.9,54.9,38.6,42.1,45.9,69.2,51.0,43.5
1974-07-01,49.3,49.5,44.4,54.8,38.9,42.6,46.4,69.5,51.6,44.0
1974-08-01,49.9,50.2,44.9,55.5,39.2,43.2,46.6,70.8,52.3,44.5
1974-09-01,50.6,50.7,45.5,56.6,39.3,43.7,47.0,71.0,53.0,45.0
1974-10-01,51.0,51.2,46.0,57.2,39.2,44.1,47.3,71.2,53.8,45.4
1974-11-01,51.5,51.6,46.3,57.9,39.4,44.4,47.6,71.7,54.3,45.8
1974-12-01,51.9,52.0,46.9,58.6,39.6,44.8,47.9,71.7,54.8,46.2
1975-01-01,52.3,52.3,47.3,58.8,40.0,45.3,48.0,71.8,55.3,46.5
1975-02-01,52.6,52.8,47.7,59.0,40.3,45.8,48.3,72.0,55.8,46.9
1975-03-01,52.8,53.0,47.9,58.9,40.6,46.3,48.7,72.1,56.4,47.0
1975-04-01,53.0,53.3,48.2,58.8,41.0,46.7,48.8,72.1,56.8,47.3
1975-05-01,53.1,53.5,48.3,59.0,41.3,47.0,48.9,72.2,57.0,47.5
1975-06-01,53.5,53.8,48.7,59.6,41.7,47.4,49.4,72.2,57.2,47.8
1975-07-01,54.0,54.0,48.9,60.6,42.5,47.8,50.2,72.6,57.6,48.0
1975-08-01,54.2,54.2,49.0,60.7,42.8,48.1,50.6,72.6,57.9,48.3
1975-09-01,54.6,54.5,49.3,61.0,43.2,48.5,51.4,72.7,58.3,48.7
1975-10-01,54.9,54.8,49.6,61.6,43.5,48.9,51.7,73.0,58.5,49.0
1975-11-01,55.3,55.2,50.0,62.0,43.9,48.8,52.4,73.2,58.8,49.6
1975-12-01,55.6,55.5,50.3,62.3,44.1,49.3,52.6,73.4,59.0,49.9
1976-01-01,55.8,55.9,50.5,62.2,44.5,49.7,53.0,73.7,59.1,50.5
1976-02-01,55.9,56.2,50.6,61.6,44.4,50.2,53.3,74.0,59.4,50.8
1976-03-01,56.0,56.5,50.7,61.3,44.1,50.7,53.8,74.2,59.7,51.1
1976-04-01,56.1,56.7,50.7,61.3,43.9,51.0,54.0,74.3,60.0,51.3
1976-05-01,56.4,57.0,50.9,61.6,44.1,51.4,54.3,74.6,60.4,51.4
1976-06-01,56.7,57.2,51.2,61.7,44.4,51.8,54.8,74.9,60.7,51.7
1976-07-01,57.0,57.6,51.6,62.0,44.8,52.3,55.1,75.3,61.1,52.1
1976-08-01,57.3,57.9,51.9,62.2,45.2,52.6,55.4,75.8,61.5,52.4
1976-09-01,57.6,58.2,52.2,62.5,45.7,53.0,56.0,76.1,61.8,52.8
1976-10-01,57.9,58.5,52.3,62.8,46.1,53.2,56.6,76.2,62.1,53.1
1976-11-01,58.1,58.7,52.4,62.8,46.8,53.9,57.0,76.5,62.2,53.4
1976-12-01,58.4,58.9,52.4,62.9,47.5,54.2,57.3,76.8,62.6,53.7
1977-01-01,58.7,59.3,52.9,63.1,48.1,54.6,57.8,77.2,63.0,54.1
1977-02-01,59.3,59.7,53.2,64.2,48.1,54.9,58.2,77.6,63.4,54.4
1977-03-01,59.6,60.0,53.5,64.5,48.4,55.5,58.7,77.5,63.8,54.8
1977-04-01,60.0,60.3,54.0,65.2,48.6,56.0,59.0,77.6,64.1,55.2
1977-05-01,60.2,60.6,54.3,65.5,48.9,56.5,59.1,78.1,64.3,55.4
1977-06-01,60.5,61.0,54.7,65.9,48.9,57.0,59.1,78.5,64.4,55.8
1977-07-01,60.8,61.2,55.2,66.1,49.1,57.3,59.0,79.1,64.5,56.3
1977-08-01,61.1,61.5,55.5,66.4,49.5,57.7,58.9,79.2,64.6,56.6
1977-09-01,61.3,61.8,55.9,66.6,49.8,58.2,59.1,79.1,64.8,56.9
1977-10-01,61.6,62.0,56.2,66.8,50.5,58.4,59.3,79.3,64.9,57.2
1977-11-01,62.0,62.3,56.6,67.4,51.3,58.6,59.5,79.8,65.2,57.6
1977-12-01,62.3,62.7,57.0,67.5,51.6,59.0,59.8,80.1,65.5,57.9
1978-01-01,62.7,63.1,57.5,68.1,51.1,59.3,60.1,80.1,65.8,58.3
1978-02-01,63.0,63.4,57.8,68.8,50.6,59.9,60.2,79.5,66.3,58.7
1978-03-01,63.4,63.8,58.3,69.6,51.0,60.2,60.3,79.9,67.0,59.1
1978-04-01,63.9,64.3,58.8,70.7,51.4,60.7,60.4,80.7,67.4,59.6
1978-05-01,64.5,64.7,59.4,71.7,51.7,61.1,60.7,81.3,68.0,60.0
1978-06-01,65.0,65.2,60.0,72.8,51.9,61.5,61.1,81.6,68.5,60.5
1978-07-01,65.5,65.6,60.7,73.1,52.1,61.9,61.6,81.5,68.8,61.0
1978-08-01,65.9,66.1,61.3,73.4,52.6,62.4,62.0,81.7,69.2,61.5
1978-09-01,66.5,66.7,62.1,73.7,53.2,62.8,62.6,81.9,69.7,62.1
1978-10-01,67.1,67.2,62.8,74.3,54.1,63.3,63.3,82.4,70.2,62.6
1978-11-01,67.5,67.6,63.3,74.8,54.9,63.8,63.9,82.6,70.6,63.1
1978-12-01,67.9,68.0,63.5,75.2,55.9,64.1,64.5,82.6,71.2,63.3
1979-01-01,68.5,68.5,64.0,76.5,55.8,64.8,64.6,83.0,71.9,63.8
1979-02-01,69.2,69.2,64.9,77.7,55.9,65.2,65.2,83.3,72.8,64.4
1979-03-01,69.9,69.8,65.5,78.4,57.4,65.7,66.4,83.6,73.6,64.9
1979-04-01,70.6,70.3,66.3,78.9,59.5,66.1,67.8,84.0,74.4,65.5
1979-05-01,71.4,70.8,67.1,79.7,62.0,66.6,69.1,84.5,74.8,66.2
1979-06-01,72.2,71.3,68.0,80.0,64.7,67.1,70.5,84.7,75.3,66.8
1979-07-01,73.0,71.9,69.0,80.4,67.3,67.7,71.7,84.8,75.6,67.6
1979-08-01,73.7,72.7,70.1,80.3,69.7,68.2,72.7,85.0,76.1,68.5
1979-09-01,74.4,73.3,71.1,80.9,71.9,68.7,73.5,85.6,76.4,69.2
1979-10-01,75.2,74.0,72.3,81.5,73.5,69.2,74.0,86.1,76.9,70.1
1979-11-01,76.0,74.8,73.5,82.1,74.8,69.8,74.7,86.6,77.9,71.1
1979-12-01,76.9,75.7,74.6,82.8,76.8,70.6,75.8,87.3,78.6,72.0
1980-01-01,78.0,76.7,75.9,83.3,79.1,71.4,78.0,88.1,79.5,73.1
1980-02-01,79.0,77.5,76.8,83.4,81.9,72.3,79.8,88.7,80.1,74.1
1980-03-01,80.1,78.6,78.1,84.1,84.5,73.0,81.8,89.7,80.8,75.4
1980-04-01,80.9,79.5,79.3,84.6,85.4,73.6,82.2,90.1,81.1,76.6
1980-05-01,81.7,80.1,80.5,85.2,86.4,74.2,82.8,90.3,81.8,77.6
1980-06-01,82.5,81.0,82.3,85.7,86.5,74.7,82.7,90.6,82.2,79.0
1980-07-01,82.6,80.8,81.3,86.5,86.7,75.2,83.1,90.9,82.4,78.5
1980-08-01,83.2,81.3,81.4,87.9,87.2,75.6,83.7,91.4,83.6,78.5
1980-09-01,83.9,82.1,82.0,88.9,87.5,76.3,84.6,92.0,84.8,79.0
1980-10-01,84.7,83.0,83.4,89.6,88.0,76.9,85.3,92.7,85.7,80.0
1980-11-01,85.6,83.9,84.7,90.6,88.8,77.3,86.1,93.1,86.6,81.1
1980-12-01,86.4,84.9,85.8,91.2,90.7,77.8,86.8,93.3,86.9,82.2
1981-01-01,87.2,85.4,86.3,91.5,92.1,78.6,88.5,93.4,87.2,83.0
1981-02-01,88.0,85.9,86.3,92.0,95.2,79.2,90.7,93.9,87.4,83.7
1981-03-01,88.6,86.4,86.7,92.5,97.4,79.9,91.8,94.3,87.4,84.4
1981-04-01,89.1,87.0,87.3,92.6,97.6,80.7,91.7,94.7,87.5,85.3
1981-05-01,89.7,87.8,88.6,92.7,97.9,81.4,92.2,94.8,88.5,86.4
1981-06-01,90.5,88.6,89.9,93.1,97.3,82.3,92.7,95.0,89.3,87.5
1981-07-01,91.5,89.8,91.5,93.8,97.3,83.4,93.5,95.4,90.2,88.9
1981-08-01,92.2,90.7,92.5,94.3,97.8,84.3,93.9,95.9,91.0,89.9
1981-09-01,93.1,91.8,93.9,94.7,98.6,85.1,94.6,96.1,91.7,91.2
1981-10-01,93.4,92.1,93.8,94.8,99.2,85.9,95.5,96.4,91.4,91.7
1981-11-01,93.8,92.5,94.0,95.0,100.5,86.8,96.2,96.4,91.5,92.5
1981-12-01,94.1,93.0,94.3,95.2,101.5,87.5,96.4,96.7,91.9,93.0
1982-01-01,94.4,93.3,94.4,95.5,100.6,88.2,96.7,96.7,92.1,93.5
1982-02-01,94.7,93.8,94.7,96.2,98.0,88.8,96.2,97.0,92.7,93.9
1982-03-01,94.7,93.9,94.2,96.1,96.6,89.6,95.8,97.3,92.8,94.0
1982-04-01,95.0,94.7,95.3,96.3,94.2,90.5,94.5,97.5,93.3,94.9
1982-05-01,95.9,95.4,96.8,97.1,95.7,91.3,95.1,97.6,94.7,95.7
1982-06-01,97.0,96.1,98.0,98.0,98.4,92.2,97.2,97.7,95.9,96.5
1982-07-01,97.5,96.7,98.5,98.1,99.3,93.0,98.1,98.1,96.3,97.0
1982-08-01,97.7,97.1,98.9,97.9,99.8,93.9,98.2,98.1,96.3,97.6
1982-09-01,97.7,97.2,98.4,98.0,100.3,94.7,98.0,98.1,96.2,97.6
1982-10-01,98.1,97.5,98.4,98.1,101.7,95.5,98.2,98.3,96.6,97.9
1982-11-01,98.0,97.3,97.9,98.2,102.5,96.5,98.2,98.3,96.8,97.7
1982-12-01,97.7,97.2,96.5,98.1,102.8,97.2,97.7,98.2,97.3,96.9
1983-01-01,97.9,97.6,97.2,98.0,99.6,97.9,97.6,98.6,97.7,97.5
1983-02-01,98.0,98.0,97.5,98.2,97.7,98.8,96.9,99.1,97.9,97.9
1983-03-01,98.1,98.2,97.6,98.8,96.8,99.0,96.5,99.1,98.4,98.1
1983-04-01,98.8,98.6,98.4,99.2,98.9,99.4,97.8,99.3,98.3,98.7
1983-05-01,99.2,98.9,98.7,99.5,100.4,99.9,98.6,99.9,98.5,98.9
1983-06-01,99.4,99.2,99.0,99.6,100.6,100.4,99.0,100.3,99.0,99.2
1983-07-01,99.8,99.8,99.4,99.6,100.9,100.8,99.6,100.9,99.7,99.6
1983-08-01,100.1,100.1,99.6,99.6,101.2,101.4,100.4,101.0,100.2,99.8
1983-09-01,100.4,100.5,100.1,100.0,101.0,101.8,100.7,100.8,101.1,100.2
1983-10-01,100.8,101.0,100.3,100.3,100.8,102.3,101.1,100.6,101.7,100.7
1983-11-01,101.1,101.5,100.7,100.3,100.5,102.8,101.5,100.9,102.5,101.3
1983-12-01,101.4,101.8,101.1,100.6,100.0,103.4,101.5,101.1,103.0,101.6
1984-01-01,102.1,102.5,101.4,101.9,100.2,104.0,102.0,101.5,103.0,102.1
1984-02-01,102.6,102.8,101.8,102.5,101.4,105.0,102.2,101.2,102.9,102.6
1984-03-01,102.9,103.2,102.3,102.8,101.4,105.2,102.9,101.3,103.5,103.0
1984-04-01,103.3,103.7,103.0,102.8,101.7,105.8,103.3,101.2,104.4,103.5
1984-05-01,103.5,104.1,103.2,102.6,101.6,106.2,103.7,101.4,105.2,103.9
1984-06-01,103.7,104.5,103.6,103.0,100.8,106.7,103.9,101.3,105.5,104.2
1984-07-01,104.1,105.0,104.3,103.2,100.5,107.2,103.7,101.9,105.7,104.9
1984-08-01,104.4,105.4,104.7,103.8,100.1,107.7,103.8,102.5,106.0,105.4
1984-09-01,104.7,105.8,105.1,103.7,100.6,108.1,104.1,102.7,106.4,105.9
1984-10-01,105.1,106.2,105.5,103.9,101.1,108.7,104.8,103.0,106.3,106.3
1984-11-01,105.3,106.4,105.8,104.0,100.8,109.3,104.9,103.0,106.2,106.7
1984-12-01,105.5,106.8,106.4,104.4,100.1,109.8,104.7,103.1,106.1,107.1
1985-01-01,105.7,107.1,106.7,104.5,100.3,110.2,105.1,103.2,106.1,107.4
1985-02-01,106.3,107.7,107.4,105.0,100.3,110.8,105.6,104.1,106.8,107.9
1985-03-01,106.8,108.1,107.8,105.4,101.3,111.4,106.3,104.5,107.2,108.4
1985-04-01,107.0,108.4,108.1,105.3,102.3,112.0,106.8,104.5,107.5,108.7
1985-05-01,107.2,108.8,109.2,105.1,102.2,112.6,106.5,104.4,107.1,109.4
1985-06-01,107.5,109.1,109.6,105.4,102.2,113.3,106.5,105.1,106.7,109.8
1985-07-01,107.7,109.4,110.1,105.4,102.2,113.9,106.6,105.2,106.4,110.3
1985-08-01,107.9,109.8,110.8,105.5,101.2,114.6,106.2,105.3,106.5,110.7
1985-09-01,108.1,110.0,111.0,105.7,101.2,115.2,106.2,105.5,106.6,111.0
1985-10-01,108.5,110.5,111.5,105.9,101.2,115.8,106.5,105.7,106.8,111.5
1985-11-01,109.0,111.1,112.3,106.5,101.8,116.5,107.0,106.0,106.7,112.1
1985-12-01,109.5,111.4,112.7,107.3,102.4,117.1,107.5,106.1,106.7,112.5
1986-01-01,109.9,111.9,113.2,107.5,102.6,118.0,108.0,106.1,106.7,113.1
1986-02-01,109.7,112.2,113.5,107.4,99.5,118.8,107.0,105.4,106.3,113.5
1986-03-01,109.1,112.5,114.3,107.6,92.6,119.7,103.6,105.0,106.3,114.1
1986-04-01,108.7,112.9,115.0,107.8,87.2,120.4,101.0,105.0,106.2,114.6
1986-05-01,109.0,113.1,115.2,108.2,87.2,121.2,101.4,104.9,106.3,114.8
1986-06-01,109.4,113.4,115.6,108.3,88.8,121.8,102.3,104.9,106.6,115.5
1986-07-01,109.5,113.8,115.9,109.1,85.6,122.5,101.1,105.5,106.5,115.7
1986-08-01,109.6,114.2,116.3,110.0,83.6,123.2,100.1,106.4,106.7,116.1
1986-09-01,110.0,114.6,116.9,110.1,84.4,124.0,100.6,106.9,106.9,116.5
1986-10-01,110.2,115.0,117.5,110.4,82.8,124.7,100.5,106.6,106.8,116.9
1986-11-01,110.4,115.3,117.8,111.0,82.1,125.5,100.8,106.9,106.8,117.2
1986-12-01,110.8,115.6,118.1,111.3,82.5,126.2,101.1,107.2,106.8,117.5
1987-01-01,111.4,115.9,118.6,111.9,85.4,126.7,102.6,108.0,106.9,117.9
1987-02-01,111.8,116.2,119.1,112.2,87.4,127.2,103.5,108.6,106.7,118.3
1987-03-01,112.2,116.6,119.5,112.4,87.6,127.8,103.8,109.2,107.1,118.6
1987-04-01,112.7,117.3,120.3,112.6,87.6,128.6,104.3,109.8,107.7,119.2
1987-05-01,113.0,117.7,120.7,113.2,87.1,129.2,104.4,110.3,107.9,119.6
1987-06-01,113.5,117.9,121.0,113.8,88.5,130.0,105.1,110.3,108.2,120.0
1987-07-01,113.8,118.3,121.1,113.7,89.2,130.6,105.9,110.3,108.6,120.3
1987-08-01,114.3,118.7,121.9,113.9,90.5,131.2,106.6,111.0,108.9,120.9
1987-09-01,114.7,119.2,122.4,114.4,90.3,131.9,106.9,111.6,108.9,121.4
1987-10-01,115.0,119.8,123.1,114.6,89.6,132.4,107.0,112.3,109.0,121.8
1987-11-01,115.4,120.1,123.4,114.7,90.0,133.0,107.3,113.0,109.3,122.2
1987-12-01,115.6,120.4,124.1,115.2,89.5,133.5,107.2,112.7,109.1,122.6
1988-01-01,116.0,120.9,124.6,115.6,88.8,134.4,107.0,113.2,108.9,123.0
1988-02-01,116.2,121.2,125.1,115.7,88.7,135.2,107.0,112.1,109.1,123.5
1988-03-01,116.5,121.7,125.5,115.9,88.4,135.8,107.0,113.4,109.5,123.9
1988-04-01,117.2,122.3,126.0,116.5,88.8,136.7,107.5,115.1,109.7,124.4
1988-05-01,117.5,122.7,126.3,116.9,88.5,137.6,107.9,115.1,109.9,124.8
1988-06-01,118.0,123.2,126.8,117.6,88.9,138.3,108.3,115.5,110.2,125.4
1988-07-01,118.5,123.6,127.2,118.8,89.4,139.1,108.8,115.9,110.5,125.8
1988-08-01,119.0,124.0,127.8,119.4,90.1,139.8,109.7,114.5,110.8,126.4
1988-09-01,119.5,124.7,128.3,120.0,89.8,140.5,109.9,116.3,111.2,126.9
1988-10-01,119.9,125.2,128.6,120.3,89.8,141.4,110.0,117.5,111.3,127.5
1988-11-01,120.3,125.6,129.2,120.5,89.8,142.0,110.2,117.7,111.5,127.9
1988-12-01,120.7,126.0,129.6,121.0,89.6,142.7,110.4,118.2,111.9,128.4
1989-01-01,121.2,126.5,129.8,121.5,90.3,143.8,110.9,118.4,112.0,128.9
1989-02-01,121.6,126.9,130.4,122.3,90.8,144.9,111.7,117.1,112.2,129.4
1989-03-01,122.2,127.4,131.0,123.1,91.8,145.8,112.4,118.1,111.9,130.0
1989-04-01,123.1,127.8,131.4,123.7,96.6,146.6,115.0,118.6,111.9,130.5
1989-05-01,123.7,128.3,132.0,124.6,97.4,147.5,115.8,118.9,111.9,131.1
1989-06-01,124.1,128.8,132.4,124.9,96.9,148.6,115.7,118.7,112.1,131.6
1989-07-01,124.5,129.2,133.2,125.4,96.7,149.6,115.4,118.3,112.0,132.3
1989-08-01,124.5,129.5,133.7,125.7,94.9,150.6,114.5,117.1,111.9,132.8
1989-09-01,124.8,129.9,133.9,126.1,93.8,151.8,113.9,118.7,111.9,133.1
1989-10-01,125.4,130.6,134.8,126.7,94.4,152.8,114.5,119.6,112.3,133.7
1989-11-01,125.9,131.1,135.4,127.2,93.9,154.1,114.4,120.0,112.7,134.3
1989-12-01,126.3,131.6,136.0,127.7,94.2,154.9,114.7,119.8,113.1,134.9
1990-01-01,127.5,132.1,136.3,129.4,98.9,156.0,117.0,119.9,113.3,135.4
1990-02-01,128.0,132.7,136.6,130.5,98.2,157.1,117.2,122.0,113.4,136.0
1990-03-01,128.6,133.5,137.6,130.7,97.6,158.3,117.3,123.8,113.3,136.8
1990-04-01,128.9,134.0,138.2,130.6,97.5,159.6,117.7,124.1,113.2,137.4
1990-05-01,129.1,134.4,138.6,130.9,96.7,160.8,117.5,124.0,113.2,137.9
1990-06-01,129.9,135.1,139.6,131.8,97.3,162.0,118.0,124.2,113.0,138.8
1990-07-01,130.5,135.8,140.7,132.5,97.1,163.4,118.5,124.2,113.2,139.6
1990-08-01,131.6,136.6,141.8,132.9,101.6,164.8,120.7,124.5,113.4,140.6
1990-09-01,132.5,137.1,142.1,133.3,106.5,165.9,123.2,125.4,113.4,141.1
1990-10-01,133.4,137.6,142.4,133.8,110.8,167.3,125.6,125.4,113.8,141.6
1990-11-01,133.7,138.0,142.6,134.2,111.2,168.7,126.1,125.4,113.8,142.2
1990-12-01,134.2,138.6,143.2,134.3,111.0,169.8,126.9,126.2,114.1,142.7
1991-01-01,134.7,139.5,144.2,135.2,108.5,171.0,125.5,126.9,114.5,143.7
1991-02-01,134.8,140.2,144.5,135.7,104.5,172.1,123.9,127.3,115.1,144.4
1991-03-01,134.8,140.5,144.8,135.9,101.9,173.2,122.7,127.0,115.3,144.7
1991-04-01,135.1,140.9,145.2,136.6,101.2,174.3,122.5,127.5,115.5,144.9
1991-05-01,135.6,141.3,145.6,137.1,102.1,175.2,123.2,128.0,115.9,145.4
1991-06-01,136.0,141.8,145.9,137.8,101.1,176.4,123.4,127.9,116.1,145.9
1991-07-01,136.2,142.3,146.4,137.2,100.7,177.4,123.3,128.7,116.5,146.5
1991-08-01,136.6,142.9,146.7,136.8,101.1,178.8,124.0,129.9,116.4,146.9
1991-09-01,137.0,143.4,147.2,137.0,101.5,179.9,124.1,130.0,116.5,147.6
1991-10-01,137.2,143.7,147.7,136.9,101.6,180.9,123.9,130.1,116.5,148.0
1991-11-01,137.8,144.2,148.2,137.4,102.4,181.9,124.5,131.0,116.7,148.5
1991-12-01,138.2,144.7,148.9,137.6,103.1,183.1,125.1,130.7,116.8,149.2
1992-01-01,138.3,145.1,149.4,137.3,101.5,184.3,124.6,130.9,117.1,149.6
1992-02-01,138.6,145.4,149.6,137.8,101.2,185.6,124.5,131.0,117.3,149.9
1992-03-01,139.1,145.9,150.0,138.3,101.2,186.8,125.0,131.3,117.8,150.4
1992-04-01,139.4,146.3,150.2,138.2,101.4,187.9,125.6,130.7,118.1,150.9
1992-05-01,139.7,146.8,150.6,138.1,102.0,188.7,125.9,131.6,118.3,151.3
1992-06-01,140.1,147.1,151.1,138.4,103.3,189.6,126.4,132.1,118.5,151.7
1992-07-01,140.5,147.6,151.4,138.3,103.7,190.6,126.9,132.7,118.7,152.2
1992-08-01,140.8,147.9,151.7,139.1,103.5,191.5,127.0,132.3,118.9,152.6
1992-09-01,141.1,148.1,151.8,139.7,103.6,192.4,127.0,132.2,119.1,152.9
1992-10-01,141.7,148.8,152.5,139.7,104.3,193.5,128.1,132.5,119.4,153.7
1992-11-01,142.1,149.2,152.9,139.6,105.1,194.5,128.7,132.7,119.8,154.3
1992-12-01,142.3,149.6,153.2,139.6,105.3,195.3,128.9,132.8,119.8,154.7
1993-01-01,142.8,150.1,153.8,140.0,105.0,196.4,129.2,132.8,119.8,155.3
1993-02-01,143.1,150.6,154.1,140.4,104.3,197.4,129.6,134.0,119.8,155.6
1993-03-01,143.3,150.8,154.3,140.4,104.9,198.1,129.4,134.0,120.1,156.0
1993-04-01,143.8,151.4,155.0,140.8,104.9,199.1,129.6,134.0,120.4,156.7
1993-05-01,144.2,151.8,155.3,141.7,104.3,200.5,129.9,133.5,120.7,157.3
1993-06-01,144.3,152.1,155.8,141.4,103.9,201.3,129.9,133.0,121.0,157.8
1993-07-01,144.5,152.3,155.9,141.4,103.4,202.2,130.1,132.8,121.2,158.1
1993-08-01,144.8,152.8,156.2,141.9,103.4,202.8,130.5,134.0,121.7,158.6
1993-09-01,145.0,152.9,156.5,142.1,103.0,203.6,130.4,133.7,122.1,159.0
1993-10-01,145.6,153.4,156.9,142.7,105.3,204.5,132.0,133.8,122.5,159.4
1993-11-01,146.0,153.9,157.3,143.0,104.4,205.1,132.2,134.4,122.9,159.9
1993-12-01,146.3,154.3,157.8,143.5,103.7,205.8,132.1,134.1,123.0,160.5
1994-01-01,146.3,154.5,158.2,143.6,102.8,206.4,131.7,133.3,123.2,160.8
1994-02-01,146.7,154.8,158.8,143.4,104.1,207.2,132.3,133.2,123.1,161.4
1994-03-01,147.1,155.3,159.4,143.4,104.3,207.9,132.6,133.8,123.3,162.0
1994-04-01,147.2,155.5,159.5,143.7,103.7,209.0,132.8,133.5,123.5,162.2
1994-05-01,147.5,155.9,159.9,144.0,102.8,209.7,132.4,134.0,124.3,162.4
1994-06-01,147.9,156.4,160.1,144.4,103.1,210.5,133.2,134.8,124.8,162.8
1994-07-01,148.4,156.7,160.4,145.2,104.5,211.3,134.4,134.2,125.3,163.1
1994-08-01,149.0,157.1,161.2,145.6,106.7,212.2,136.0,133.2,125.5,163.8
1994-09-01,149.3,157.5,161.6,145.8,106.1,213.1,136.1,133.6,125.7,164.1
1994-10-01,149.4,157.8,162.1,145.8,105.7,214.1,136.2,133.0,125.9,164.5
1994-11-01,149.8,158.2,162.6,146.2,106.1,215.0,136.7,132.5,126.3,165.0
1994-12-01,150.1,158.3,162.5,147.2,105.9,215.9,137.1,132.1,126.6,165.2
1995-01-01,150.5,159.0,163.1,147.2,105.7,216.6,137.4,132.2,126.9,166.0
1995-02-01,150.9,159.4,163.5,147.7,105.8,217.4,137.9,131.9,127.4,166.5
1995-03-01,151.2,159.9,164.0,147.5,105.5,218.1,138.4,132.2,127.6,167.1
1995-04-01,151.8,160.4,164.5,148.5,105.6,218.6,139.2,131.9,127.9,167.7
1995-05-01,152.1,160.7,165.1,148.7,105.8,219.2,139.7,131.6,128.0,168.1
1995-06-01,152.4,161.1,165.5,148.8,106.7,219.9,140.6,131.3,128.0,168.5
1995-07-01,152.6,161.4,166.0,149.0,105.8,220.6,139.9,131.4,128.0,168.9
1995-08-01,152.9,161.8,166.3,149.1,105.6,221.6,139.4,132.5,128.2,169.3
1995-09-01,153.1,162.2,166.9,149.6,104.1,222.4,139.1,132.3,128.3,169.7
1995-10-01,153.5,162.7,167.4,150.0,104.4,223.0,139.5,132.4,128.4,170.3
1995-11-01,153.7,163.0,167.9,150.0,103.4,223.7,139.1,132.0,128.6,170.7
1995-12-01,153.9,163.1,168.2,150.3,104.4,224.3,139.1,132.2,128.7,170.9
1996-01-01,154.7,163.7,168.7,150.8,106.9,225.2,140.4,132.7,129.0,171.5
1996-02-01,155.0,164.0,169.1,151.2,107.1,225.7,140.9,132.2,129.1,172.0
1996-03-01,155.5,164.4,169.6,151.9,108.3,226.2,141.5,132.6,129.3,172.4
1996-04-01,156.1,164.6,169.9,152.5,111.2,226.8,142.9,131.8,129.2,172.8
1996-05-01,156.4,165.0,170.4,152.4,112.0,227.4,143.5,131.8,129.2,173.4
1996-06-01,156.7,165.4,170.7,153.3,110.3,228.0,143.4,131.6,129.3,173.8
1996-07-01,157.0,165.7,171.4,153.8,110.1,228.6,143.0,131.3,129.3,174.4
1996-08-01,157.2,166.0,171.8,154.3,109.7,229.1,143.0,130.6,129.5,174.9
1996-09-01,157.7,166.5,172.1,155.0,109.8,229.7,143.6,131.3,129.7,175.4
1996-10-01,158.2,166.8,172.5,155.9,110.5,230.3,143.9,131.3,129.6,175.8
1996-11-01,158.7,167.2,173.0,156.4,111.8,231.0,144.6,131.6,129.5,176.3
1996-12-01,159.1,167.4,173.1,156.6,113.9,231.2,145.7,131.9,129.6,176.7
1997-01-01,159.4,167.8,173.8,156.3,115.2,231.8,145.6,132.3,129.4,177.3
1997-02-01,159.7,168.1,174.3,156.9,115.0,232.2,145.2,133.0,129.5,177.6
1997-03-01,159.8,168.4,174.6,157.0,113.0,233.0,145.0,132.4,129.6,178.0
1997-04-01,159.9,168.9,175.1,157.0,111.0,233.5,144.3,133.0,129.3,178.4
1997-05-01,159.9,169.2,175.6,157.1,108.8,234.1,143.3,133.3,129.3,178.7
1997-06-01,160.2,169.4,176.0,157.4,110.0,234.4,143.6,133.1,129.0,179.2
1997-07-01,160.4,169.7,176.5,157.7,109.1,234.7,143.3,133.3,128.6,179.7
1997-08-01,160.8,169.8,177.0,158.2,110.9,235.1,144.1,132.7,128.3,179.9
1997-09-01,161.2,170.2,177.4,158.4,112.4,235.5,144.8,132.9,128.1,180.4
1997-10-01,161.5,170.6,177.9,158.7,111.8,236.1,144.7,132.7,128.1,180.9
1997-11-01,161.7,170.8,178.4,159.0,111.4,236.9,143.9,132.7,127.8,181.4
1997-12-01,161.8,171.2,178.9,159.2,109.8,237.8,143.7,133.0,127.7,181.7
1998-01-01,162.0,171.6,179.4,159.9,107.5,238.1,143.0,133.1,127.8,182.1
1998-02-01,162.0,171.9,179.8,159.9,105.1,238.8,142.4,133.0,127.9,182.3
1998-03-01,162.0,172.2,180.3,160.1,103.3,239.4,141.5,132.7,127.7,182.8
1998-04-01,162.2,172.5,180.8,160.2,102.4,240.3,140.9,132.3,127.8,183.3
1998-05-01,162.6,172.9,181.4,160.7,103.2,241.2,141.2,132.7,127.5,183.7
1998-06-01,162.8,173.2,181.8,160.6,103.6,241.8,141.4,133.3,127.5,184.0
1998-07-01,163.2,173.5,182.1,161.0,103.3,242.5,141.7,133.5,127.8,184.3
1998-08-01,163.4,174.0,182.8,161.4,102.1,243.3,141.6,135.1,127.8,184.7
1998-09-01,163.5,174.2,183.4,161.5,101.3,244.1,141.2,133.1,127.3,185.1
1998-10-01,163.9,174.4,184.0,162.4,101.5,244.8,141.4,132.7,127.1,185.5
1998-11-01,164.1,174.8,184.5,162.7,101.1,245.3,141.3,132.7,127.2,186.0
1998-12-01,164.4,175.4,185.0,162.8,100.1,245.9,140.9,132.0,127.0,186.4
1999-01-01,164.7,175.6,185.1,163.4,99.7,246.5,140.8,131.5,126.7,186.6
1999-02-01,164.7,175.6,185.3,163.8,99.2,247.3,140.0,130.8,126.2,186.9
1999-03-01,164.8,175.7,185.7,163.7,100.4,247.9,140.7,130.4,125.9,187.4
1999-04-01,165.9,176.3,186.3,163.9,105.5,248.7,143.6,131.7,125.9,187.9
1999-05-01,166.0,176.5,186.6,164.2,104.9,249.3,143.4,131.7,125.7,188.1
1999-06-01,166.0,176.6,187.0,164.1,104.5,250.0,143.0,131.7,125.8,188.3
1999-07-01,166.7,177.1,187.5,164.4,106.7,250.9,144.6,131.5,125.9,188.9
1999-08-01,167.1,177.3,187.8,164.7,109.5,251.7,145.9,130.9,126.0,189.3
1999-09-01,167.8,177.8,188.4,165.1,111.8,252.5,147.0,131.2,126.1,189.8
1999-10-01,168.1,178.1,188.6,165.5,112.0,253.1,147.6,131.4,126.1,190.2
1999-11-01,168.4,178.4,189.2,165.8,111.5,253.9,147.5,131.0,125.8,190.9
1999-12-01,168.8,178.7,189.5,166.0,113.8,254.9,148.8,131.3,125.5,191.2
2000-01-01,169.3,179.3,190.6,166.1,115.0,255.6,149.1,130.7,125.3,192.0
2000-02-01,170.0,179.4,190.9,166.7,118.8,256.5,150.0,130.4,125.1,192.5
2000-03-01,171.0,180.0,191.6,167.1,124.3,257.7,153.6,130.3,125.5,193.1
2000-04-01,170.9,180.3,191.9,167.2,120.9,258.4,152.1,129.8,125.4,193.5
2000-05-01,171.2,180.7,192.4,167.8,120.0,259.2,152.0,129.7,125.8,194.0
2000-06-01,172.2,181.1,193.1,168.0,126.8,260.3,155.0,129.3,125.5,194.9
2000-07-01,172.7,181.5,193.6,168.8,127.3,261.2,154.6,128.9,125.4,195.7
2000-08-01,172.7,181.9,194.1,169.3,123.8,262.4,153.2,128.9,125.3,196.3
2000-09-01,173.6,182.3,194.7,169.4,129.2,263.3,155.2,129.5,125.3,196.9
2000-10-01,173.9,182.6,195.3,169.6,129.6,264.1,154.7,129.2,125.2,197.7
2000-11-01,174.2,183.1,195.8,169.7,129.2,264.7,155.0,129.2,125.3,198.1
2000-12-01,174.6,183.3,196.1,170.5,130.1,265.6,155.1,129.1,125.5,198.8
2001-01-01,175.6,183.9,196.8,170.9,135.0,267.2,155.4,129.4,125.5,200.6
2001-02-01,176.0,184.4,197.5,171.7,134.1,268.3,155.2,129.6,125.7,201.2
2001-03-01,176.1,184.7,198.3,172.2,131.7,269.4,154.2,129.5,125.4,201.6
2001-04-01,176.4,185.1,198.8,172.6,132.3,270.4,154.8,128.2,125.2,202.0
2001-05-01,177.3,185.3,199.6,172.9,138.4,271.3,157.6,127.4,124.8,202.7
2001-06-01,177.7,186.0,200.5,173.5,136.9,272.4,157.3,127.4,124.6,203.5
2001-07-01,177.4,186.4,200.9,174.1,129.6,272.8,154.0,127.3,124.4,203.8
2001-08-01,177.4,186.7,201.8,174.5,127.3,274.3,153.4,126.4,124.2,204.4
2001-09-01,178.1,187.1,202.0,174.7,130.9,275.2,156.0,125.8,123.9,204.5
2001-10-01,177.6,187.4,202.5,175.3,122.9,276.3,152.9,125.8,123.9,204.8
2001-11-01,177.5,188.1,203.5,175.4,116.9,277.4,150.2,125.4,124.0,205.6
2001-12-01,177.4,188.4,204.3,175.2,113.9,278.2,149.2,124.9,124.0,206.1
2002-01-01,177.7,188.7,205.1,175.8,114.2,279.8,149.3,124.4,123.2,206.8
2002-02-01,178.0,189.1,206.0,176.2,113.5,280.4,148.7,124.6,122.3,207.5
2002-03-01,178.5,189.2,206.3,176.6,117.6,281.4,150.5,125.3,121.9,207.9
2002-04-01,179.3,189.7,207.0,176.9,121.5,282.7,152.5,125.1,121.7,208.5
2002-05-01,179.5,190.0,207.4,176.4,121.9,283.9,152.8,124.6,121.6,209.0
2002-06-01,179.6,190.2,207.8,176.5,121.6,284.6,152.8,123.9,121.4,209.3
2002-07-01,180.0,190.5,208.2,176.7,122.4,286.4,153.3,123.5,121.3,209.9
2002-08-01,180.5,191.1,208.9,176.7,123.1,287.2,154.0,124.3,121.3,210.6
2002-09-01,180.8,191.3,209.4,177.0,123.7,288.1,154.2,123.4,121.1,211.1
2002-10-01,181.2,191.5,209.7,177.0,126.9,289.8,155.5,123.0,120.9,211.7
2002-11-01,181.5,191.9,210.4,177.5,126.7,291.2,155.4,123.1,120.4,212.4
2002-12-01,181.8,192.1,210.8,177.7,127.1,292.1,155.3,122.7,120.0,213.0
2003-01-01,182.6,192.4,211.5,177.7,133.5,292.7,158.0,122.1,119.5,213.7
2003-02-01,183.6,192.5,211.6,178.7,140.8,293.0,160.8,121.8,119.3,214.2
2003-03-01,183.9,192.5,211.5,179.0,143.9,293.4,160.8,120.7,119.3,215.0
2003-04-01,183.2,192.5,211.6,179.1,136.5,294.0,157.7,120.3,119.0,215.1
2003-05-01,182.9,192.9,212.6,179.4,129.4,295.2,154.4,120.0,118.4,216.0
2003-06-01,183.1,193.0,212.6,180.3,129.8,296.1,154.6,120.6,118.0,216.2
2003-07-01,183.7,193.4,213.2,180.4,132.2,297.4,155.7,121.1,117.6,216.8
2003-08-01,184.5,193.6,213.6,181.1,137.8,298.3,158.2,120.8,117.2,217.2
2003-09-01,185.1,193.7,214.0,181.5,142.9,299.8,159.9,120.9,116.2,217.8
2003-10-01,184.9,194.0,214.7,182.2,137.8,300.4,157.5,121.1,115.5,218.4
2003-11-01,185.0,194.0,215.1,183.1,136.9,301.4,156.9,120.8,115.1,218.6
2003-12-01,185.5,194.2,215.5,184.0,138.8,303.0,157.4,120.2,114.9,219.0
2004-01-01,186.3,194.6,215.9,183.9,143.9,303.8,159.8,120.1,114.8,219.7
2004-02-01,186.7,194.9,215.8,184.3,145.8,305.2,160.7,120.1,114.9,220.1
2004-03-01,187.1,195.5,217.0,184.7,145.1,306.5,160.8,120.4,114.8,220.8
2004-04-01,187.4,195.9,217.8,185.1,143.4,307.8,159.8,120.6,114.7,221.4
2004-05-01,188.2,196.2,218.5,186.5,147.6,308.6,161.6,120.9,114.7,221.9
2004-06-01,188.9,196.6,218.9,186.9,151.5,309.8,162.8,121.2,114.5,222.7
2004-07-01,189.1,196.8,219.3,187.3,151.1,310.8,162.3,121.0,114.3,223.2
2004-08-01,189.2,196.9,219.6,187.5,151.5,311.8,162.1,120.3,114.0,223.7
2004-09-01,189.8,197.5,220.4,187.4,152.9,312.9,163.4,120.0,114.6,224.2
2004-10-01,190.8,197.9,220.7,188.3,158.6,314.0,166.7,120.3,115.0,224.6
2004-11-01,191.7,198.3,220.9,188.9,163.8,314.7,169.1,120.6,115.4,225.4
2004-12-01,191.7,198.6,221.3,188.9,162.3,315.8,168.5,119.8,115.5,225.8
2005-01-01,191.6,199.0,221.7,189.1,157.2,316.9,166.5,120.3,115.7,226.2
2005-02-01,192.4,199.4,222.5,189.2,161.8,318.4,168.4,120.0,115.6,226.9
2005-03-01,193.1,200.1,223.7,189.6,163.5,319.7,169.2,120.5,115.4,228.0
2005-04-01,193.7,200.2,223.7,190.8,166.7,320.7,170.3,119.9,115.3,228.5
2005-05-01,193.6,200.5,223.8,191.0,163.3,321.8,168.7,119.9,115.5,228.9
2005-06-01,193.7,200.6,224.0,191.0,163.7,322.8,169.1,119.4,115.4,229.1
2005-07-01,194.9,200.9,224.6,191.4,172.8,324.1,172.8,119.0,115.0,229.9
2005-08-01,196.1,201.1,224.9,191.5,183.5,324.2,177.3,119.5,114.7,230.4
2005-09-01,198.8,201.3,224.6,191.9,208.2,325.3,187.7,119.1,115.1,231.4
2005-10-01,199.1,202.0,225.8,192.4,205.9,326.9,184.5,119.0,115.1,233.1
2005-11-01,198.1,202.5,226.5,193.0,191.0,328.7,176.8,119.2,115.0,234.2
2005-12-01,198.1,202.8,227.1,193.3,187.6,329.2,176.0,118.6,115.0,234.4
2006-01-01,199.3,203.2,227.5,194.1,196.6,329.6,179.0,118.9,115.0,235.5
2006-02-01,199.4,203.6,228.3,194.2,194.1,331.2,178.5,117.8,114.9,235.9
2006-03-01,199.7,204.3,229.3,194.4,192.0,332.6,178.1,119.1,114.8,236.5
2006-04-01,200.7,204.8,230.1,194.3,198.5,333.8,181.8,119.6,114.9,237.1
2006-05-01,201.3,205.4,231.0,194.7,199.8,335.0,182.7,119.9,114.8,237.8
2006-06-01,201.8,205.9,231.9,195.3,199.8,336.0,183.0,120.1,114.6,238.5
2006-07-01,202.9,206.3,232.7,195.7,207.9,336.9,186.9,119.0,114.7,239.2
2006-08-01,203.8,206.8,233.5,196.2,211.9,338.1,188.4,119.8,114.5,239.9
2006-09-01,202.8,207.2,234.0,196.8,198.1,339.1,181.5,120.2,114.3,240.7
2006-10-01,201.9,207.6,235.0,197.4,184.1,340.0,175.9,119.8,114.0,241.0
2006-11-01,202.0,207.8,235.8,197.4,184.1,340.8,174.9,119.4,113.6,241.7
2006-12-01,203.1,208.1,236.5,197.5,192.7,341.2,178.3,119.8,113.4,242.4
2007-01-01,203.437,208.6,237.255,198.813,190.281,343.579,177.09,119.86,113.079,243.214
2007-02-01,204.226,209.135,238.107,200.126,192.31,345.35,177.727,120.237,112.972,244.091
2007-03-01,205.288,209.418,238.538,200.853,200.206,345.899,181.041,119.797,112.936,244.743
2007-04-01,205.904,209.747,239.14,201.392,203.307,347.32,182.489,119.331,112.805,245.315
2007-05-01,206.755,210.058,239.637,202.157,208.635,348.491,184.669,119.166,112.534,245.896
2007-06-01,207.234,210.392,240.345,202.977,209.799,349.513,184.902,118.576,112.365,246.645
2007-07-01,207.603,210.773,240.843,203.64,209.639,351.719,185.396,118.449,112.092,247.065
2007-08-01,207.667,211.119,241.45,204.418,206.412,353.376,184.328,117.901,112.117,247.505
2007-09-01,208.547,211.554,242.037,205.347,210.742,354.531,186.324,118.023,112.116,248.248
2007-10-01,209.19,212.077,242.581,205.988,212.386,356.343,186.922,118.435,112.086,249.054
2007-11-01,210.834,212.66,243.305,206.789,223.814,357.75,192.289,118.737,112.246,249.818
2007-12-01,211.445,213.168,243.979,207.141,225.649,358.908,193.205,119.35,112.244,250.546
2008-01-01,212.174,213.771,244.564,208.392,226.775,360.463,194.135,119.438,112.229,251.254
2008-02-01,212.687,213.939,244.926,209.183,229.731,360.75,194.934,118.904,111.975,251.827
2008-03-01,213.448,214.42,245.659,209.595,233.349,361.533,195.872,118.399,111.885,252.919
2008-04-01,213.942,214.56,245.608,211.368,234.778,362.072,195.179,118.729,111.553,253.59
2008-05-01,215.208,214.936,245.902,212.204,243.924,362.658,198.535,118.716,111.275,254.677
2008-06-01,217.463,215.424,246.406,213.452,262.081,363.671,206.313,118.501,111.098,255.839
2008-07-01,219.016,215.965,246.863,215.449,271.149,364.156,209.349,119.006,111.007,257.074
2008-08-01,218.69,216.393,247.208,216.53,262.566,364.977,205.848,119.736,110.72,257.56
2008-09-01,218.877,216.713,247.723,217.749,260.125,365.841,205.856,119.618,110.342,257.582
2008-10-01,216.995,216.788,247.995,218.632,238.065,366.53,195.608,118.799,109.877,257.712
2008-11-01,213.153,216.947,248.486,219.079,195.155,367.459,175.507,118.867,109.41,257.821
2008-12-01,211.398,216.925,248.508,219.151,176.583,368.748,166.673,118.119,109.069,257.988
2009-01-01,211.933,217.346,248.963,219.323,178.661,369.824,168.403,117.967,109.025,258.453
2009-02-01,212.705,217.792,249.087,219.058,183.721,370.853,171.424,119.888,109.221,258.656
2009-03-01,212.495,218.253,249.36,218.682,178.415,371.705,169.449,120.368,109.264,258.744
2009-04-01,212.709,218.706,249.579,218.372,177.552,373.077,170.09,120.182,109.404,258.698
2009-05-01,213.022,218.904,249.643,218.053,179.83,374.359,172.235,120.038,109.65,258.584
2009-06-01,214.79,219.112,249.492,218.092,197.033,375.177,180.667,120.276,109.983,258.686
2009-07-01,214.726,219.263,249.149,217.725,195.778,376.001,180.915,119.984,109.924,258.747
2009-08-01,215.445,219.496,249.519,217.738,201.583,377.091,183.729,120.236,109.129,259.285
2009-09-01,215.861,219.92,249.415,217.664,202.777,378.359,185.329,120.779,109.387,259.523
2009-10-01,216.509,220.501,249.643,217.881,204.719,379.291,187.793,120.5,110.684,260.011
2009-11-01,217.234,220.666,249.211,218.055,210.932,380.45,191.243,120.007,111.159,260.213
2009-12-01,217.347,220.881,249.219,218.341,209.915,381.111,191.517,120.441,111.477,260.285
2010-01-01,217.488,220.633,248.034,218.855,212.807,382.742,193.116,119.91,111.934,259.833
2010-02-01,217.281,220.731,247.997,218.898,209.624,384.308,191.978,120.184,111.811,259.97
2010-03-01,217.353,220.783,247.914,219.321,209.326,385.712,191.375,120.225,111.683,260.342
2010-04-01,217.403,220.822,247.959,219.531,209.219,386.589,191.249,119.646,111.397,260.672
2010-05-01,217.29,220.962,248.128,219.651,206.631,387.094,190.231,119.648,111.206,260.932
2010-06-01,217.199,221.194,248.295,219.627,203.764,388.188,189.426,119.623,110.989,261.188
2010-07-01,217.605,221.363,248.43,219.643,206.877,388.123,191.082,119.322,111.085,261.525
2010-08-01,217.923,221.509,248.43,219.879,208.77,389.059,192.287,118.96,111.239,261.722
2010-09-01,218.275,221.711,248.568,220.598,209.832,391.288,193.316,119.21,111.283,261.884
2010-10-01,219.035,221.83,248.692,220.911,216.71,391.926,196.845,118.917,111.201,262.075
2010-11-01,219.59,222.149,248.993,221.315,219.496,392.535,198.783,119.027,111.005,262.41
2010-12-01,220.472,222.343,249.284,221.556,227.13,393.514,202.454,119.223,111.034,262.733
2011-01-01,221.187,222.803,249.621,222.735,229.258,394.072,204.232,119.82,111.106,263.159
2011-02-01,221.898,223.213,249.924,223.734,232.068,395.518,205.704,119.904,111.401,263.701
2011-03-01,223.046,223.454,250.158,225.337,240.079,396.29,209.591,119.739,111.753,264.114
2011-04-01,224.093,223.727,250.412,226.18,247.977,397.701,213.032,120.037,112.122,264.465
2011-05-01,224.806,224.175,250.66,227.045,250.744,398.721,214.499,121.146,112.552,264.86
2011-06-01,224.806,224.697,251.178,227.603,245.534,399.416,212.957,121.71,112.922,265.284
2011-07-01,225.395,225.218,251.834,228.473,246.187,400.539,213.661,122.547,113.204,265.962
2011-08-01,226.106,225.862,252.329,229.577,246.88,401.387,214.651,123.551,113.306,266.69
2011-09-01,226.597,226.118,252.668,230.561,248.55,402.202,215.455,123.244,113.22,267.123
2011-10-01,226.75,226.506,253.184,230.776,246.655,404.068,214.682,123.775,113.091,267.52
2011-11-01,227.169,226.899,253.619,230.976,247.64,405.751,215.149,124.762,113.027,267.829
2011-12-01,227.223,227.405,254.15,231.392,243.353,407.23,213.784,124.865,112.984,268.463
2012-01-01,227.842,227.877,254.512,232.131,244.876,408.394,215.385,125.399,112.944,268.94
2012-02-01,228.329,228.034,254.951,232.103,248.898,408.89,217.686,125.075,112.996,269.034
2012-03-01,228.807,228.478,255.474,232.502,249.742,410.257,218.457,125.85,112.952,269.562
2012-04-01,229.187,228.905,256.056,232.934,249.677,411.475,218.615,126.432,113.04,270.105
2012-05-01,228.713,229.224,256.451,233.127,241.806,412.864,215.029,126.663,113.091,270.363
2012-06-01,228.524,229.623,256.813,233.624,235.897,415.289,212.225,126.248,113.041,270.956
2012-07-01,228.59,229.97,257.153,233.752,233.568,417.004,211.791,125.935,113.131,271.392
2012-08-01,229.918,230.233,257.647,234.108,244.987,417.555,217.573,125.333,112.806,272.071
2012-09-01,231.015,230.659,258.233,234.286,252.987,418.453,221.574,126.386,112.421,272.691
2012-10-01,231.638,231.024,258.816,234.694,256.017,419.07,222.913,127.291,112.327,273.242
2012-11-01,231.249,231.33,259.216,235.1,248.819,419.509,218.833,127.191,112.399,273.783
2012-12-01,231.221,231.725,259.644,235.521,244.708,420.321,217.524,127.289,112.389,274.437
2013-01-01,231.679,232.229,260.142,235.86,245.025,421.114,218.092,128.076,112.497,275.121
2013-02-01,232.937,232.569,260.719,235.903,255.696,421.601,223.274,128.134,112.379,275.756
2013-03-01,232.282,232.794,261.176,236.13,246.595,423.089,218.985,126.97,112.209,276.207
2013-04-01,231.797,232.832,261.679,236.574,240.473,423.025,214.905,126.905,112.014,276.473
2013-05-01,231.893,232.996,262.263,236.387,240.468,422.316,214.01,126.916,111.879,276.955
2013-06-01,232.445,233.35,262.797,236.912,242.711,424.286,215.38,126.995,111.782,277.441
2013-07-01,232.9,233.88,263.239,237.133,242.986,425.008,216.562,127.645,111.688,278.142
2013-08-01,233.456,234.336,263.86,237.407,244.833,427.168,217.901,127.412,111.621,278.743
2013-09-01,233.544,234.7,264.321,237.464,242.745,428.29,216.898,127.281,111.712,279.396
2013-10-01,233.669,234.921,264.684,237.693,241.954,428.586,216.682,126.988,111.722,279.756
2013-11-01,234.1,235.359,265.496,237.895,242.718,428.485,217.17,127.333,111.677,280.332
2013-12-01,234.719,235.759,266.228,238.133,245.733,428.622,218.715,128.577,111.625,280.891
2014-01-01,235.288,235.961,266.892,238.417,250.34,429.989,219.287,127.882,111.301,281.729
2014-02-01,235.547,236.185,267.481,239.247,249.925,431.137,218.525,127.279,111.053,282.328
2014-03-01,236.028,236.625,268.287,240.24,249.961,432.211,217.491,127.439,110.775,283.543
2014-04-01,236.468,237.072,268.923,240.995,249.864,433.26,218.989,127.475,110.607,283.778
2014-05-01,236.918,237.529,269.715,242.107,249.213,434.262,218.306,127.773,110.398,284.678
2014-06-01,237.231,237.837,270.149,242.345,249.714,435.187,218.653,127.982,110.199,285.109
2014-07-01,237.498,238.195,270.891,242.883,248.744,435.864,218.126,127.942,110.218,285.733
2014-08-01,237.46,238.405,271.493,243.505,245.699,436.041,217.071,127.357,110.202,285.984
2014-09-01,237.477,238.786,272.118,244.148,241.61,437.091,215.41,127.813,110.135,286.388
2014-10-01,237.43,239.191,272.73,244.5,237.061,437.758,213.73,127.761,110.252,286.893
2014-11-01,236.983,239.458,273.436,245.106,229.016,439.408,210.033,127.254,109.796,287.404
2014-12-01,236.252,239.584,273.997,245.84,218.536,441.464,204.124,126.637,109.446,287.958
2015-01-01,234.747,239.811,274.762,245.764,199.926,441.351,194.852,126.129,108.977,288.584
2015-02-01,235.342,240.172,275.47,246.056,203.021,441.101,197.087,125.96,109.185,288.949
2015-03-01,235.976,240.755,276.258,245.685,205.757,442.943,199.119,126.626,109.316,289.47
2015-04-01,236.222,241.346,277.003,245.615,203.577,445.822,198.636,126.39,109.477,290.183
2015-05-01,237.001,241.688,277.524,245.886,208.973,446.743,202.277,125.831,109.465,290.543
2015-06-01,237.657,242.064,278.284,246.511,212.015,446.33,203.86,125.51,109.425,291.315
2015-07-01,238.034,242.565,279.329,246.733,211.623,446.953,204.166,125.689,109.242,292.022
2015-08-01,238.033,242.817,279.921,247.295,208.579,446.612,202.609,126.166,109.057,292.472
2015-09-01,237.498,243.316,280.737,247.984,197.246,447.648,197.162,126.011,109.148,293.125
2015-10-01,237.733,243.768,281.429,248.288,195.616,450.681,196.445,125.323,108.995,293.897
2015-11-01,238.017,244.241,282.129,248.075,195.114,452.225,196.644,125.724,108.765,294.62
2015-12-01,237.761,244.547,282.779,247.761,190.143,452.732,194.728,126.042,108.539,295.032
2016-01-01,237.652,244.955,283.714,247.967,185.235,454.194,192.648,124.999,108.232,295.76
2016-02-01,237.336,245.51,284.502,248.244,176.401,456.922,188.784,125.898,108.26,296.387
2016-03-01,238.08,245.913,285.122,247.699,182.234,457.723,191.583,125.843,108.137,297.073
2016-04-01,238.992,246.551,285.853,247.906,186.713,459.245,194.491,125.782,107.939,297.918
2016-05-01,239.557,247.137,286.855,247.575,188.596,460.487,195.474,126.707,107.693,298.863
2016-06-01,240.222,247.54,287.819,247.42,192.899,462.09,197.236,126.276,107.29,299.729
2016-07-01,240.101,247.829,288.524,247.406,189.046,464.439,194.654,125.881,107.099,300.499
2016-08-01,240.545,248.423,289.367,247.479,188.772,469.02,194.205,126.148,106.915,301.354
2016-09-01,241.176,248.842,290.369,247.528,192.243,469.816,195.762,125.914,106.752,301.954
2016-10-01,241.741,249.142,291.378,247.596,195.979,469.749,197.151,126.521,106.578,302.528
2016-11-01,242.026,249.481,292.227,247.525,196.372,469.914,197.331,126.605,106.337,303.279
2016-12-01,242.637,249.92,293.066,247.53,199.513,470.539,199.146,126.185,106.207,304.027
2017-01-01,243.618,250.467,293.769,247.9,205.369,471.484,202.082,126.044,106.536,304.871
2017-02-01,244.006,250.998,294.543,248.513,204.133,473.139,201.566,126.058,106.45,305.741
2017-03-01,243.892,250.944,295.012,249.02,202.528,473.685,201.165,126.397,106.073,305.619
2017-04-01,244.193,251.227,295.741,249.381,202.954,473.007,200.904,126.301,105.91,306.26
2017-05-01,244.004,251.43,296.461,249.711,198.449,472.981,198.623,125.651,105.692,306.909
2017-06-01,244.163,251.746,297.215,249.519,197.808,474.492,198.062,125.508,105.275,307.581
2017-07-01,244.243,251.985,297.676,249.937,195.994,476.279,196.903,125.368,104.749,308.083
2017-08-01,245.183,252.535,298.904,250.21,201.45,477.199,199.59,125.39,104.561,308.982
2017-09-01,246.435,252.812,299.711,250.587,212.723,477.19,204.503,125.759,104.557,309.625
2017-10-01,246.626,253.526,300.814,250.816,208.328,477.671,203.282,125.961,104.278,310.468
2017-11-01,247.284,253.816,301.43,250.996,213.047,477.791,205.698,125.024,104.423,310.99
2017-12-01,247.805,254.344,302.428,251.49,213.574,478.891,206.332,124.234,104.798,311.887
2018-01-01,248.859,255.204,303.213,252.116,216.855,480.797,208.964,124.855,104.71,312.764
2018-02-01,249.529,255.711,303.784,252.038,220.141,481.6,210.466,125.839,104.694,313.684
2018-03-01,249.577,256.271,304.812,252.154,215.72,483.078,208.649,126.489,104.957,314.414
2018-04-01,250.227,256.63,305.72,252.661,219.165,483.577,209.542,127.326,104.611,314.9
2018-05-01,250.792,257.145,306.808,252.634,221.045,484.543,210.576,127.464,104.197,315.763
2018-06-01,251.018,257.399,307.183,252.968,220.947,486.209,210.83,126.384,104.002,316.311
2018-07-01,251.214,257.699,308.05,253.365,219.929,485.246,210.467,125.676,104.296,316.923
2018-08-01,251.663,257.891,309.004,253.677,222.781,484.273,211.843,123.451,104.203,317.557
2018-09-01,252.182,258.368,309.522,254.103,223.955,485.039,212.734,125.143,103.864,318.067
2018-10-01,252.772,258.917,310.401,254.012,226.022,485.652,213.82,126.021,104.157,318.794
2018-11-01,252.594,259.439,311.247,254.732,218.5,487.615,211.019,125.099,104.55,319.438
2018-12-01,252.767,260.063,312.132,255.681,213.63,488.82,208.595,124.356,104.717,320.612
2019-01-01,252.561,260.766,312.998,256.302,204.34,489.968,205.719,124.466,105.191,321.127
2019-02-01,253.319,261.186,314.072,256.998,208.144,490.16,207.495,124.526,105.247,321.747
2019-03-01,254.277,261.567,315.051,257.374,214.934,491.412,210.097,123.666,105.462,322.447
2019-04-01,255.233,261.997,316.172,257.018,222.42,492.97,213.037,123.901,104.98,323.282
2019-05-01,255.296,262.217,317.03,257.523,220.523,494.859,211.761,123.764,104.452,323.706
2019-06-01,255.213,262.739,317.949,257.664,214.926,495.745,209.25,124.75,104.454,324.511
2019-07-01,255.802,263.28,318.777,257.836,216.696,497.714,209.934,124.731,104.615,325.341
2019-08-01,256.036,263.877,319.37,258.046,213.847,500.662,209.27,124.532,104.632,326.159
2019-09-01,256.43,264.388,320.436,258.575,213.015,501.71,209.085,124.795,104.696,326.981
2019-10-01,257.155,264.97,320.862,259.088,215.268,506.433,210.25,123.489,104.678,327.904
2019-11-01,257.879,265.548,321.611,259.624,217.488,508.315,211.286,123.55,104.581,328.698
2019-12-01,258.63,266.02,322.247,260.052,221.18,510.875,213.354,122.859,104.362,329.354
2020-01-01,259.127,266.716,323.487,260.858,220.147,511.854,213.14,122.477,104.307,330.515
2020-02-01,259.25,267.37,324.483,261.567,214.294,512.967,211.402,122.952,104.722,331.304
2020-03-01,258.076,267.054,324.54,262.239,201.681,514.743,204.709,121.558,104.818,330.98
2020-04-01,256.032,265.746,324.391,265.777,182.586,516.77,192.375,117.065,104.288,329.861
2020-05-01,255.802,265.412,324.973,267.464,180.04,519.152,188.733,114.244,104.039,329.655
2020-06-01,257.042,265.849,325.425,268.849,188.734,520.867,192.554,115.665,103.543,330.522
2020-07-01,258.352,267.389,326.249,267.824,191.966,522.675,197.289,116.576,104.584,332.357
2020-08-01,259.316,268.422,326.782,268.271,193.307,522.922,199.971,116.907,106.422,332.902
2020-09-01,259.997,268.933,327.043,268.354,196.705,522.947,202.572,117.157,107.527,333.197
2020-10-01,260.319,269.306,327.421,269.007,196.113,520.943,203.23,117.158,108.063,333.517
2020-11-01,260.911,269.981,327.801,269.066,197.017,520.567,204.355,117.411,108.116,334.416
2020-12-01,262.045,270.341,328.217,270.088,205.67,519.866,208.196,117.967,108.229,334.774
2021-01-01,262.687,270.387,328.535,270.499,212.47,521.832,210.632,119.065,108.045,334.805
2021-02-01,263.579,270.793,329.124,270.73,219.242,523.675,212.904,118.14,108.345,335.744
2021-03-01,264.961,271.459,329.947,270.971,229.617,524.024,217.471,118.484,109.0,336.699
2021-04-01,266.614,273.66,331.208,272.018,227.255,524.465,220.736,119.692,112.29,338.503
2021-05-01,268.383,275.465,332.111,273.181,229.854,523.97,225.784,120.794,115.005,339.674
2021-06-01,270.654,277.651,333.835,275.185,233.603,523.099,233.169,121.339,118.657,341.153
2021-07-01,271.903,278.648,335.446,276.895,236.488,524.307,234.485,121.319,119.362,342.553
2021-08-01,272.676,278.997,336.022,278.084,240.692,524.693,234.588,121.505,119.491,342.988
2021-09-01,273.91,279.698,337.357,280.322,245.302,524.874,235.77,121.051,120.067,343.838
2021-10-01,276.55,281.668,338.948,282.727,254.756,527.649,241.059,122.57,122.112,345.776
2021-11-01,278.919,283.406,340.544,284.767,263.798,529.542,248.066,123.61,124.165,347.128
2021-12-01,280.845,285.18,341.931,286.343,267.899,531.045,253.118,124.753,126.453,348.275
2022-01-01,282.543,286.757,342.858,288.549,270.189,534.695,254.579,125.476,128.028,350.028
2022-02-01,284.5,288.273,344.705,291.342,275.322,536.583,257.835,125.997,128.701,351.781
2022-03-01,287.674,289.056,346.396,293.893,303.099,539.05,266.618,126.443,128.044,353.879
2022-04-01,288.561,290.514,348.23,296.568,295.455,541.376,264.563,126.098,127.925,356.712
2022-05-01,291.298,292.063,350.204,299.817,309.052,543.544,269.601,126.693,127.939,359.216
2022-06-01,294.957,294.05,352.616,302.774,330.456,546.741,278.932,127.432,128.507,362.441
2022-07-01,294.913,295.088,354.68,305.962,314.345,549.846,272.71,127.394,128.777,364.076
2022-08-01,295.097,296.535,357.048,308.475,298.331,552.902,265.977,127.422,128.856,366.377
2022-09-01,296.349,298.226,359.601,310.453,294.103,556.309,265.46,127.588,128.613,369.169
2022-10-01,298.007,299.399,362.353,312.594,299.945,554.065,268.123,127.777,127.996,370.802
2022-11-01,298.786,300.325,364.695,314.179,298.107,551.498,267.391,128.338,127.17,372.204
2022-12-01,298.832,301.394,367.466,315.367,286.33,552.002,262.161,128.475,126.442,374.372
2023-01-01,300.42,302.642,369.911,316.859,292.615,550.992,263.597,129.43,126.436,376.708
2023-02-01,301.45,304.123,372.636,318.025,288.702,549.313,263.822,130.239,126.384,378.515
2023-03-01,301.821,305.147,374.678,318.05,282.868,547.138,263.521,130.426,126.815,379.492
2023-04-01,302.845,306.534,376.404,318.755,280.86,546.99,265.284,130.573,127.626,380.928
2023-05-01,303.334,307.652,378.304,319.587,274.273,547.446,265.15,131.003,127.797,381.845
2023-06-01,304.014,308.322,380.155,319.942,275.712,547.299,265.787,131.118,127.404,383.244
2023-07-01,304.609,308.96,381.895,320.719,275.548,547.141,265.613,131.352,126.956,384.808
2023-08-01,306.082,309.58,382.947,321.524,287.31,547.687,270.442,131.16,126.343,386.133
2023-09-01,307.276,310.539,385.285,321.945,292.623,548.398,271.893,130.338,125.739,388.185
2023-10-01,307.696,311.457,386.771,322.992,286.765,549.793,270.239,131.274,125.407,389.593
2023-11-01,308.148,312.392,388.525,323.41,282.146,552.42,269.558,130.099,125.181,391.551
2023-12-01,308.741,313.195,390.139,323.891,280.763,554.406,269.187,129.942,124.994,392.964
2024-01-01,309.698,314.319,392.322,324.873,279.953,556.741,267.931,129.685,124.418,395.443
2024-02-01,310.967,315.564,394.078,325.168,283.331,557.163,270.904,130.309,124.381,397.319
2024-03-01,312.345,316.792,395.827,325.24,288.688,559.269,274.332,130.956,124.163,399.454
2024-04-01,313.023,317.649,397.196,325.894,287.611,561.275,274.564,132.237,123.474,400.83
2024-05-01,313.175,318.095,398.689,326.385,284.165,564.191,272.306,132.027,122.856,401.616
2024-06-01,313.044,318.39,399.699,327.042,278.284,564.997,269.014,131.956,122.156,402.37
2024-07-01,313.569,318.94,401.139,327.74,278.287,564.593,268.745,131.569,121.712,403.57
2024-08-01,314.062,319.75,402.895,328.154,275.706,564.183,268.745,131.415,121.097,404.827
2024-09-01,314.732,320.732,403.956,329.109,272.681,566.256,268.853,132.539,122.079,406.379
2024-10-01,315.631,321.731,405.721,329.851,273.003,567.974,269.476,131.741,122.373,408.066
2024-11-01,316.528,322.657,407.114,330.937,273.281,569.476,270.397,131.692,122.676,409.184
2024-12-01,317.604,323.259,408.165,331.65,279.829,570.11,273.39,131.568,122.747,410.215
2025-01-01,318.961,324.638,409.579,332.626,282.272,571.366,276.016,130.436,122.907,412.139
2025-02-01,319.679,325.465,410.793,333.302,282.096,573.284,275.019,131.095,122.82,413.473
2025-03-01,319.785,325.69,411.639,334.527,278.906,574.069,271.76,131.388,122.926,414.244
2025-04-01,320.302,326.467,413.04,334.68,277.343,576.548,270.662,131.201,122.94,415.69
2025-05-01,320.62,326.893,414.109,335.571,275.377,578.073,269.009,130.782,122.849,416.451
2025-06-01,321.435,327.658,414.981,336.527,276.558,580.527,269.017,131.214,122.888,417.689
2025-07-01,322.169,328.682,415.931,336.941,274.85,584.45,269.382,131.354,123.259,419.046
2025-08-01,323.291,329.7,417.555,338.39,276.734,583.809,271.591,131.694,123.481,420.27
2025-09-01,324.245,330.418,418.422,339.145,280.7,584.872,273.656,132.411,124.265,421.107
2025-11-01,325.063,331.043,419.431,339.478,284.648,585.987,274.113,131.883,124.457,422.256
2025-12-01,326.031,331.814,421.039,341.563,285.624,588.092,274.073,132.317,124.254,423.56
2026-01-01,326.588,332.793,421.965,342.194,281.436,589.61,273.21,132.723,123.458,425.16
2026-02-01,327.46,333.512,422.942,343.477,283.223,592.554,273.766,134.419,122.888,426.277
