TIME,CurrentAccount,GoodsAccount,ServicesAccount,PrimaryIncome,SecondaryIncome
1980-01-01,-609.4,-642.1,74.2,-67.7,26.2
1980-02-01,-548.1,-482.2,36.8,-130.3,27.6
1980-03-01,-676.8,-667.4,107.5,-151.0,34.1
1980-04-01,-637.1,-627.4,110.3,-153.0,33.0
1980-05-01,-541.2,-537.8,101.0,-133.1,28.7
1980-06-01,-468.5,-308.4,91.8,-295.5,43.6
1980-07-01,-630.4,-679.9,100.1,-84.3,33.7
1980-08-01,-516.9,-596.1,171.6,-124.8,32.4
1980-09-01,-428.5,-428.2,129.7,-160.3,30.3
1980-10-01,-487.5,-493.2,121.6,-164.4,48.5
1980-11-01,-501.3,-494.2,145.7,-191.0,38.2
1980-12-01,-850.3,-662.4,109.6,-340.7,43.2
1981-01-01,-335.1,-396.5,148.9,-118.6,31.1
1981-02-01,-507.7,-486.2,106.1,-157.1,29.5
1981-03-01,-478.9,-445.4,135.2,-206.2,37.5
1981-04-01,-612.8,-593.3,146.5,-201.6,35.6
1981-05-01,-750.6,-598.6,80.9,-265.2,32.3
1981-06-01,-350.2,-242.2,219.5,-373.5,46.0
1981-07-01,-663.1,-635.8,65.2,-172.1,79.6
1981-08-01,-493.4,-549.4,197.7,-183.5,41.8
1981-09-01,-393.7,-354.2,171.9,-250.4,39.0
1981-10-01,-219.5,-341.3,240.2,-182.8,64.4
1981-11-01,-622.7,-498.1,186.3,-354.5,43.6
1981-12-01,-1059.4,-1123.9,351.0,-338.5,52.0
1982-01-01,-344.9,-499.6,253.3,-141.4,42.8
1982-02-01,-106.2,-207.6,217.4,-156.0,40.0
1982-03-01,-278.1,-358.2,337.7,-306.8,49.2
1982-04-01,-415.3,-539.0,337.2,-260.6,47.1
1982-05-01,-187.4,-275.7,274.6,-233.5,47.2
1982-06-01,-634.6,-618.8,263.8,-321.7,42.1
1982-07-01,-292.5,-370.8,184.4,-167.4,61.3
1982-08-01,-526.4,-633.2,209.2,-144.9,42.5
1982-09-01,-562.1,-709.0,372.4,-268.3,42.8
1982-10-01,-780.6,-709.5,195.6,-312.8,46.1
1982-11-01,-786.1,-808.2,268.7,-287.7,41.1
1982-12-01,-716.8,-718.0,273.8,-327.4,54.8
1983-01-01,-476.6,-526.2,186.0,-179.7,43.3
1983-02-01,-621.7,-713.0,181.6,-145.9,55.6
1983-03-01,-347.3,-459.9,272.1,-215.5,56.0
1983-04-01,-26.5,-75.5,214.4,-212.2,46.8
1983-05-01,-437.5,-445.7,187.6,-225.7,46.3
1983-06-01,-535.0,-497.2,234.3,-322.7,50.6
1983-07-01,47.1,-102.9,259.4,-169.1,59.7
1983-08-01,-86.4,-211.3,221.1,-147.1,50.9
1983-09-01,-136.9,-312.3,334.1,-206.1,47.4
1983-10-01,-366.1,-418.7,239.1,-237.5,51.0
1983-11-01,-75.7,-169.1,252.8,-210.8,51.4
1983-12-01,-530.9,-532.2,295.9,-350.6,56.0
1984-01-01,-273.5,-352.1,190.8,-153.6,41.4
1984-02-01,-129.1,-237.2,219.4,-151.9,40.6
1984-03-01,-89.0,-110.5,195.6,-225.2,51.1
1984-04-01,-279.3,-338.9,249.1,-243.2,53.7
1984-05-01,-361.3,-454.8,316.6,-276.2,53.1
1984-06-01,-347.6,-346.6,274.5,-320.9,45.4
1984-07-01,-190.0,-204.5,228.1,-260.2,46.6
1984-08-01,-123.1,-247.6,261.5,-189.8,52.8
1984-09-01,-14.3,-39.7,233.2,-248.5,40.7
1984-10-01,73.8,-11.3,287.7,-259.3,56.7
1984-11-01,-175.4,-162.8,218.0,-289.4,58.8
1984-12-01,61.4,134.2,246.5,-378.4,59.1
1985-01-01,-563.5,-555.9,159.5,-212.8,45.7
1985-02-01,-169.9,-208.5,161.0,-170.6,48.2
1985-03-01,-34.3,-62.8,237.0,-261.0,52.5
1985-04-01,-326.0,-228.2,131.2,-286.6,57.6
1985-05-01,-270.9,-333.5,277.7,-278.8,63.7
1985-06-01,-159.7,-73.9,142.7,-292.2,63.7
1985-07-01,-54.4,-33.7,150.5,-245.7,74.5
1985-08-01,-201.1,-270.3,173.9,-182.4,77.7
1985-09-01,93.7,77.1,191.5,-250.5,75.6
1985-10-01,-371.7,-350.0,148.8,-251.4,80.9
1985-11-01,-456.9,-562.5,258.0,-228.8,76.4
1985-12-01,336.7,251.7,301.5,-306.3,89.8
1986-01-01,-541.9,-385.9,19.5,-248.7,73.2
1986-02-01,-290.0,-295.7,126.6,-203.5,82.6
1986-03-01,111.0,160.6,160.4,-303.1,93.1
1986-04-01,236.0,239.8,164.7,-258.8,90.3
1986-05-01,-41.7,-34.5,179.2,-289.8,103.4
1986-06-01,224.7,312.5,170.5,-356.8,98.5
1986-07-01,401.0,216.3,250.4,-196.0,130.3
1986-08-01,525.5,315.1,217.4,-147.4,140.4
1986-09-01,573.0,467.5,193.3,-208.2,120.4
1986-10-01,467.3,269.2,286.5,-197.8,109.4
1986-11-01,755.0,544.9,301.4,-202.7,111.4
1986-12-01,186.8,166.0,244.1,-335.8,112.5
1987-01-01,584.8,460.0,208.4,-182.0,98.4
1987-02-01,543.9,293.2,250.5,-106.3,106.5
1987-03-01,650.2,317.7,453.9,-247.5,126.1
1987-04-01,510.8,296.0,315.8,-231.1,130.1
1987-05-01,735.0,410.6,420.6,-242.3,146.1
1987-06-01,914.7,690.9,388.8,-300.2,135.2
1987-07-01,1017.1,739.1,314.1,-170.9,134.8
1987-08-01,252.2,-103.3,366.3,-125.5,114.7
1987-09-01,952.4,682.5,330.5,-206.0,145.4
1987-10-01,630.3,452.1,286.8,-252.8,144.2
1987-11-01,953.6,784.7,237.0,-248.6,180.5
1987-12-01,886.2,755.4,206.0,-281.9,206.7
1988-01-01,702.2,514.7,172.6,-157.0,171.9
1988-02-01,883.1,573.2,239.5,-129.1,199.5
1988-03-01,1137.8,773.7,299.2,-177.4,242.3
1988-04-01,766.4,520.7,303.1,-214.2,156.8
1988-05-01,813.3,535.7,304.7,-177.9,150.8
1988-06-01,1161.8,875.9,278.3,-179.6,187.2
1988-07-01,1152.1,884.5,211.8,-104.9,160.7
1988-08-01,722.8,415.7,219.3,-76.0,163.8
1988-09-01,1328.2,1023.9,335.2,-176.3,145.4
1988-10-01,1163.7,897.6,276.3,-132.1,121.9
1988-11-01,1251.2,883.3,353.3,-119.1,133.7
1988-12-01,1675.1,1516.5,166.6,-143.8,135.8
1989-01-01,409.9,195.9,149.8,-31.2,95.4
1989-02-01,375.7,208.5,144.6,-66.8,89.4
1989-03-01,492.6,349.2,183.7,-148.1,107.8
1989-04-01,348.0,176.5,200.5,-125.4,96.4
1989-05-01,265.8,125.4,168.7,-95.4,67.1
1989-06-01,342.8,302.8,93.7,-128.6,74.9
1989-07-01,354.4,303.4,36.4,-48.1,62.7
1989-08-01,-229.2,-364.8,59.0,5.8,70.8
1989-09-01,627.5,589.8,121.3,-137.5,53.9
1989-10-01,2.4,-94.4,103.7,-67.9,61.0
1989-11-01,99.3,-17.0,108.2,-27.4,35.5
1989-12-01,677.2,635.1,-55.9,-5.5,103.5
1990-01-01,-296.8,-430.9,0.6,82.5,51.0
1990-02-01,-300.8,-472.7,77.2,41.2,53.5
1990-03-01,-391.8,-347.8,-8.9,-120.6,85.5
1990-04-01,-273.2,-260.3,36.5,-91.3,41.9
1990-05-01,-366.2,-442.3,66.1,-53.7,63.7
1990-06-01,20.0,48.0,-6.2,-88.6,66.8
1990-07-01,321.6,225.1,34.9,-30.8,92.4
1990-08-01,163.2,13.9,84.2,-23.8,88.9
1990-09-01,121.1,68.9,111.4,-163.7,104.5
1990-10-01,-545.0,-782.5,148.3,-36.4,125.6
1990-11-01,-1519.9,-1667.3,68.9,-37.3,115.8
1990-12-01,263.6,358.5,-112.0,-25.6,42.7
1991-01-01,-1327.2,-1364.9,-97.0,54.0,80.7
1991-02-01,-1290.7,-1398.9,-28.4,47.0,89.6
1991-03-01,-1181.3,-941.1,-106.8,-121.7,-11.7
1991-04-01,-993.7,-974.1,2.4,-91.1,69.1
1991-05-01,-639.8,-688.5,0.8,-22.3,70.2
1991-06-01,-224.5,6.5,-73.5,-128.5,-29.0
1991-07-01,-935.1,-804.9,-170.8,-35.7,76.3
1991-08-01,-606.9,-552.8,-110.8,-22.2,78.9
1991-09-01,-496.9,-385.3,-116.9,-56.3,61.6
1991-10-01,-322.6,-277.5,-78.8,-51.9,85.6
1991-11-01,-541.5,-551.6,-18.3,-53.3,81.7
1991-12-01,526.7,779.7,-215.2,-124.8,87.0
1992-01-01,-993.8,-945.8,-204.5,86.2,70.3
1992-02-01,-827.5,-678.1,-213.2,14.5,49.3
1992-03-01,-624.2,-447.8,-155.3,-81.0,59.9
1992-04-01,-224.9,-71.3,-168.5,-50.5,65.4
1992-05-01,-159.9,-118.6,-65.2,-58.8,82.7
1992-06-01,-261.7,-50.1,-136.3,-182.5,107.2
1992-07-01,-454.7,-421.1,-122.6,12.4,76.6
1992-08-01,294.8,273.2,11.6,-40.5,50.5
1992-09-01,74.5,433.0,-316.6,-128.5,86.6
1992-10-01,-12.0,21.9,-109.7,-29.1,104.9
1992-11-01,84.2,128.4,-94.2,-34.7,84.7
1992-12-01,204.0,435.9,-257.5,-41.1,66.7
1993-01-01,-800.3,-781.7,-90.0,16.8,54.6
1993-02-01,-367.2,-362.1,-65.4,-12.3,72.6
1993-03-01,-158.2,69.3,-159.6,-118.3,50.4
1993-04-01,220.8,282.5,-30.9,-87.8,57.0
1993-05-01,145.1,146.1,44.3,-103.4,58.1
1993-06-01,-201.7,4.0,-114.8,-138.3,47.4
1993-07-01,35.1,154.8,-174.9,-29.2,84.4
1993-08-01,413.7,301.8,26.3,11.3,74.3
1993-09-01,483.3,623.1,-85.4,-128.3,73.9
1993-10-01,147.6,29.8,57.8,-13.9,73.9
1993-11-01,655.5,791.7,-137.2,-38.4,39.4
1993-12-01,1114.4,1423.4,-289.2,-100.5,80.7
1994-01-01,-1282.9,-901.3,-233.1,-174.0,25.5
1994-02-01,-156.1,-157.2,-26.2,-30.3,57.6
1994-03-01,-490.1,-319.6,-127.2,-120.7,77.4
1994-04-01,-265.4,-228.1,-20.0,-63.3,46.0
1994-05-01,-646.3,-576.0,-40.9,-67.5,38.1
1994-06-01,32.6,154.4,-14.7,-150.5,43.4
1994-07-01,-102.6,6.5,-55.8,-103.7,50.4
1994-08-01,-1149.0,-1074.3,-97.8,-37.1,60.2
1994-09-01,-180.1,-1.5,-84.1,-161.9,67.4
1994-10-01,105.7,3.4,29.3,-33.4,106.4
1994-11-01,78.8,1.6,116.8,-104.6,65.0
1994-12-01,-738.1,-768.7,-18.6,-127.8,177.0
1995-01-01,-1208.9,-810.2,-295.2,-126.0,22.5
1995-02-01,-1522.1,-1375.1,-222.9,15.3,60.6
1995-03-01,-1562.3,-1471.5,8.5,-179.8,80.5
1995-04-01,-747.8,-563.7,66.2,-311.3,61.0
1995-05-01,-959.3,-856.9,75.1,-220.2,42.7
1995-06-01,-969.9,-684.2,-1.4,-358.8,74.5
1995-07-01,-491.7,-158.7,-173.1,-125.5,-34.4
1995-08-01,-1313.9,-834.8,-346.1,-90.4,-42.6
1995-09-01,-1018.8,-615.5,-75.9,-258.4,-69.0
1995-10-01,-295.9,-98.4,-46.7,-183.0,32.2
1995-11-01,-148.1,75.3,-143.5,-123.0,43.1
1995-12-01,9.0,389.7,-239.7,-161.0,20.0
1996-01-01,-2159.9,-1584.9,-542.5,-39.7,7.2
1996-02-01,-2030.7,-1480.6,-448.2,-107.1,5.2
1996-03-01,-1687.8,-1074.0,-333.8,-255.5,-24.5
1996-04-01,-2148.0,-1459.3,-343.2,-302.5,-43.0
1996-05-01,-1687.2,-1045.4,-360.2,-247.6,-34.0
1996-06-01,-1473.2,-849.2,-256.3,-335.0,-32.7
1996-07-01,-2051.2,-1704.8,-286.2,-63.3,3.1
1996-08-01,-3506.7,-2901.5,-515.1,-64.0,-26.1
1996-09-01,-1203.2,-767.8,-287.1,-107.9,-40.4
1996-10-01,-2493.7,-1864.8,-441.3,-176.5,-11.1
1996-11-01,-2488.0,-1836.6,-346.3,-283.9,-21.2
1996-12-01,-1531.5,-777.6,-471.6,-231.8,-50.5
1997-01-01,-3490.7,-2811.4,-528.9,-76.9,-73.5
1997-02-01,-3041.2,-2387.4,-490.8,-102.0,-61.0
1997-03-01,-1162.8,-719.5,45.1,-439.4,-49.0
1997-04-01,-1852.2,-1101.2,-259.5,-457.4,-34.1
1997-05-01,-363.4,149.5,-108.8,-354.3,-49.8
1997-06-01,693.9,1215.9,-178.3,-304.3,-39.4
1997-07-01,-832.0,-277.2,-293.0,-208.0,-53.8
1997-08-01,-1313.9,-886.5,-116.6,-240.0,-70.8
1997-09-01,-654.9,160.1,-481.1,-262.2,-71.7
1997-10-01,-1394.7,-1119.6,13.8,-304.8,15.9
1997-11-01,206.8,-203.2,411.4,-68.4,67.0
1997-12-01,2393.6,1235.5,742.5,-349.7,765.3
1998-01-01,2423.2,1362.3,572.9,-79.5,567.5
1998-02-01,4393.4,4003.2,349.5,-274.1,314.8
1998-03-01,4522.0,4378.8,274.2,-427.3,296.3
1998-04-01,3848.0,3940.7,72.7,-425.2,259.8
1998-05-01,3759.5,3737.9,404.3,-574.6,191.9
1998-06-01,2701.3,2743.4,174.1,-411.8,195.6
1998-07-01,3772.9,3716.0,136.7,-222.3,142.5
1998-08-01,1618.1,2150.9,-116.1,-531.0,114.3
1998-09-01,4339.2,4279.6,381.5,-466.0,144.1
1998-10-01,2390.6,2677.5,345.8,-856.7,224.0
1998-11-01,2696.5,2885.7,187.7,-524.4,147.5
1998-12-01,3648.1,3737.8,98.0,-408.1,220.4
1999-01-01,1526.3,1459.1,236.4,-227.1,57.9
1999-02-01,1927.5,2030.7,190.6,-410.0,116.2
1999-03-01,1984.4,2610.6,-125.0,-587.8,86.6
1999-04-01,1269.1,2277.8,2.2,-1044.7,33.8
1999-05-01,1924.8,2401.4,52.4,-612.6,83.6
1999-06-01,2648.9,3086.0,-46.7,-423.1,32.7
1999-07-01,2077.8,2027.4,241.1,-317.8,127.1
1999-08-01,1287.5,1236.3,259.7,-321.5,113.0
1999-09-01,1423.8,1753.4,-31.5,-399.8,101.7
1999-10-01,2163.6,2653.2,97.4,-685.9,98.9
1999-11-01,2184.0,2261.7,-26.4,19.9,-71.2
1999-12-01,1366.9,1648.8,191.9,-526.4,52.6
2000-01-01,-218.1,173.2,-319.4,-79.2,7.3
2000-02-01,-324.1,-215.9,6.7,-148.5,33.6
2000-03-01,275.3,991.4,-80.4,-569.0,-66.7
2000-04-01,-1156.0,91.9,-11.4,-1242.3,5.8
2000-05-01,1535.5,1919.2,-119.0,-216.9,-47.8
2000-06-01,2274.4,2823.9,-43.0,-473.7,-32.8
2000-07-01,571.5,783.9,-3.3,-205.3,-3.8
2000-08-01,1168.4,2062.1,-419.5,-388.1,-86.1
2000-09-01,2133.9,2434.1,105.6,-389.6,-16.2
2000-10-01,1210.9,1452.7,205.4,-441.5,-5.7
2000-11-01,934.6,836.4,-97.2,179.5,15.9
2000-12-01,1774.5,2039.6,-70.2,-177.1,-17.8
2001-01-01,-672.9,-844.1,133.7,38.4,-0.9
2001-02-01,-532.6,-22.9,-403.8,-27.4,-78.5
2001-03-01,1509.4,1978.8,481.1,-868.5,-82.0
2001-04-01,-847.2,234.5,20.0,-1034.7,-67.0
2001-05-01,1158.8,1368.0,38.0,-112.4,-134.8
2001-06-01,1363.8,2274.8,-148.3,-671.7,-91.0
2001-07-01,-42.0,401.7,-167.6,-121.9,-154.2
2001-08-01,-266.4,607.6,-605.9,-86.0,-182.1
2001-09-01,324.6,1034.9,-172.5,-400.9,-136.9
2001-10-01,223.7,867.2,-305.0,-258.0,-80.5
2001-11-01,-123.2,341.4,-377.5,57.0,-144.1
2001-12-01,69.2,1164.6,-758.5,-227.7,-109.2
2002-01-01,-713.8,-40.7,-587.7,33.4,-118.8
2002-02-01,279.2,768.2,-474.2,85.3,-100.1
2002-03-01,734.6,1898.7,-414.1,-652.2,-97.8
2002-04-01,-830.7,976.9,-439.4,-1178.4,-189.8
2002-05-01,623.7,1600.5,-401.2,-365.1,-210.5
2002-06-01,551.2,1594.5,-162.7,-612.5,-268.1
2002-07-01,-62.3,599.1,-522.7,67.2,-205.9
2002-08-01,-813.1,36.8,-858.5,272.3,-263.7
2002-09-01,1630.5,2442.6,-455.3,-194.3,-162.5
2002-10-01,876.4,1543.7,-360.0,-254.0,-53.3
2002-11-01,705.2,907.2,-430.4,394.9,-166.5
2002-12-01,1085.2,2086.1,-720.1,-3.7,-277.1
2003-01-01,-2192.9,-890.0,-1022.0,40.4,-321.3
2003-02-01,-740.2,-303.2,-449.0,214.5,-202.5
2003-03-01,-143.6,874.6,27.9,-802.3,-243.8
2003-04-01,-1008.2,905.9,-61.9,-1687.2,-165.0
2003-05-01,-51.3,765.7,-276.1,-268.6,-272.3
2003-06-01,1097.1,2496.9,-541.4,-534.0,-324.4
2003-07-01,622.2,1705.7,-767.7,2.0,-317.8
2003-08-01,971.6,2070.4,-809.2,24.2,-313.8
2003-09-01,3273.5,4226.8,-472.8,-146.5,-334.0
2003-10-01,3555.7,3946.8,-42.9,-135.8,-212.4
2003-11-01,2949.4,2910.3,-73.3,308.4,-196.0
2003-12-01,2975.0,3428.1,-356.7,165.1,-261.5
2004-01-01,2123.4,2788.3,-492.9,67.5,-239.5
2004-02-01,1206.6,1554.3,-375.3,292.8,-265.2
2004-03-01,1897.7,3217.6,-318.3,-657.1,-344.5
2004-04-01,543.8,2946.3,-236.6,-1951.8,-214.1
2004-05-01,4340.6,4718.5,-5.1,-162.6,-210.2
2004-06-01,1887.3,2960.6,-359.4,-437.4,-276.5
2004-07-01,2132.6,2843.6,-421.2,-130.2,-159.6
2004-08-01,1642.2,2355.0,-638.8,144.9,-218.9
2004-09-01,4145.7,4696.7,-411.6,49.8,-189.2
2004-10-01,2178.8,2719.2,-355.5,12.5,-197.4
2004-11-01,4144.7,4714.9,-452.5,202.9,-320.6
2004-12-01,3046.5,3658.0,-983.2,774.3,-402.6
2005-01-01,1398.0,2084.1,-644.8,177.0,-218.3
2005-02-01,752.4,1549.6,-708.9,120.3,-208.6
2005-03-01,1315.6,3605.9,-839.1,-1179.7,-271.5
2005-04-01,-1734.7,2183.5,-785.5,-2865.9,-266.8
2005-05-01,546.1,2144.1,-819.7,-429.0,-349.3
2005-06-01,958.6,2858.2,-756.8,-861.1,-281.7
2005-07-01,622.0,2713.0,-1032.6,-691.3,-367.1
2005-08-01,973.5,3370.9,-1355.1,-732.6,-309.7
2005-09-01,724.6,2109.5,-623.4,-514.4,-247.1
2005-10-01,3014.9,3797.4,-186.5,-410.9,-185.1
2005-11-01,1866.3,2947.4,-305.5,-550.1,-225.5
2005-12-01,1771.3,3128.9,-926.3,-103.7,-327.6
2006-01-01,-78.3,1665.2,-1518.1,63.3,-288.7
2006-02-01,-3245.1,-1011.3,-1578.9,-250.3,-404.6
2006-03-01,-1625.1,1485.1,-719.0,-1951.0,-440.2
2006-04-01,-3428.9,498.6,-1133.2,-2384.8,-409.5
2006-05-01,-43.8,1568.9,-822.7,-408.8,-381.2
2006-06-01,2189.9,4031.5,-747.8,-660.2,-433.6
2006-07-01,-698.4,743.3,-1105.7,-28.2,-307.8
2006-08-01,-1540.5,471.2,-1808.5,47.0,-250.2
2006-09-01,3088.4,4395.4,-1086.2,319.2,-540.0
2006-10-01,2688.4,3486.8,-702.2,205.5,-301.7
2006-11-01,4455.8,5334.2,-717.6,173.9,-334.7
2006-12-01,332.4,1845.6,-1100.3,-123.3,-289.6
2007-01-01,214.1,1552.1,-1036.1,10.8,-312.7
2007-02-01,-729.0,1218.9,-1924.7,287.7,-310.9
2007-03-01,-1160.4,2574.1,-690.2,-2686.8,-357.5
2007-04-01,-2240.6,1786.2,-968.4,-2619.2,-439.2
2007-05-01,-2295.3,-739.6,-754.5,-292.5,-508.7
2007-06-01,1581.5,3585.2,-830.7,-701.0,-472.0
2007-07-01,2569.3,3739.0,-1180.4,410.6,-399.9
2007-08-01,2223.4,3690.5,-1662.6,535.3,-339.8
2007-09-01,4312.6,5236.5,-1145.1,552.3,-331.1
2007-10-01,1914.3,3588.6,-1228.2,-149.9,-296.2
2007-11-01,3260.2,4479.8,-814.9,-116.1,-288.6
2007-12-01,822.4,1724.8,-803.7,232.1,-330.8
2008-01-01,-688.7,630.9,-1113.5,168.8,-374.9
2008-02-01,-2235.2,-383.5,-1559.7,-25.9,-266.1
2008-03-01,972.5,1101.6,43.7,-317.7,144.9
2008-04-01,-2386.5,488.4,82.1,-2576.6,-380.4
2008-05-01,-1737.8,-557.4,-397.7,-399.0,-383.7
2008-06-01,-1143.0,868.5,-1407.0,-232.7,-371.8
2008-07-01,-2261.7,383.2,-1761.5,-316.4,-567.0
2008-08-01,-3845.0,-2232.2,-1146.2,-98.3,-368.3
2008-09-01,1469.0,1686.2,-208.0,97.0,-106.2
2008-10-01,3904.5,828.1,1477.0,842.4,757.0
2008-11-01,2761.1,1460.7,692.0,168.0,440.4
2008-12-01,6943.8,7471.6,-1011.9,274.8,209.3
2009-01-01,175.8,430.0,-290.4,-161.9,198.1
2009-02-01,5013.0,5075.9,-242.6,-215.5,395.2
2009-03-01,5786.0,6606.6,-110.9,-1116.3,406.6
2009-04-01,3139.2,4729.1,-113.0,-1406.8,-70.1
2009-05-01,2329.4,3803.7,-768.5,-325.4,-380.4
2009-06-01,4064.7,5550.4,-984.1,-48.1,-453.5
2009-07-01,1987.7,3573.5,-1443.4,203.6,-346.0
2009-08-01,1169.6,2346.2,-952.7,151.2,-375.1
2009-09-01,2197.6,3513.5,-921.1,-25.9,-368.9
2009-10-01,2512.2,3688.5,-789.2,-128.2,-258.9
2009-11-01,3013.8,4575.6,-887.1,-274.3,-400.4
2009-12-01,1698.6,4162.6,-1834.7,-88.1,-541.2
2010-01-01,-1776.4,260.3,-1957.0,439.9,-519.6
2010-02-01,-322.4,1411.1,-1827.4,425.2,-331.3
2010-03-01,917.1,3311.2,-1364.2,-589.3,-440.6
2010-04-01,796.9,4001.5,-1021.9,-1501.4,-681.3
2010-05-01,6650.4,5940.9,492.7,325.7,-108.9
2010-06-01,3751.1,4784.9,-975.3,213.8,-272.3
2010-07-01,3549.3,4036.7,-651.4,525.2,-361.2
2010-08-01,3758.1,4782.6,-1036.7,680.6,-668.4
2010-09-01,4207.4,5581.0,-1455.3,515.9,-434.2
2010-10-01,4265.4,5583.8,-864.3,19.6,-473.7
2010-11-01,3897.5,6503.0,-708.5,-1469.8,-427.2
2010-12-01,-1743.9,1735.3,-2603.5,-277.9,-597.8
2011-01-01,-3159.6,-581.6,-2367.4,360.5,-571.1
2011-02-01,1344.9,2581.8,-1148.4,237.8,-326.3
2011-03-01,-2438.3,180.7,-1168.2,-1066.7,-384.1
2011-04-01,-2545.2,312.1,-1050.2,-1209.9,-597.2
2011-05-01,-1247.2,-736.3,-998.4,816.6,-329.1
2011-06-01,1321.8,2655.1,-1365.3,450.7,-418.7
2011-07-01,3938.8,4696.9,-883.7,740.4,-614.8
2011-08-01,4470.5,4293.3,-998.0,1458.1,-282.9
2011-09-01,2996.3,2117.9,-226.0,1207.5,-103.1
2011-10-01,3572.4,3224.3,-364.2,927.8,-215.5
2011-11-01,6645.7,6753.4,-397.5,699.1,-409.3
2011-12-01,1738.1,2516.7,-1089.2,774.1,-463.5
2012-01-01,-2288.0,-1774.7,-1001.9,1138.5,-649.9
2012-02-01,-2584.0,-927.8,-2004.4,749.5,-401.3
2012-03-01,3580.0,4160.7,76.9,-226.8,-430.8
2012-04-01,-144.8,-328.3,301.6,224.1,-342.2
2012-05-01,5015.8,3255.3,560.7,1528.2,-328.4
2012-06-01,6069.3,5272.5,-650.2,1820.6,-373.6
2012-07-01,8375.5,7601.7,124.8,1136.4,-487.4
2012-08-01,1618.0,1998.2,-827.6,877.7,-430.3
2012-09-01,6484.3,6143.0,65.2,658.6,-382.5
2012-10-01,7287.6,7361.8,-403.9,760.7,-431.0
2012-11-01,8187.5,8551.3,-822.2,900.4,-442.0
2012-12-01,7189.4,7275.6,-476.5,1165.0,-774.7
2013-01-01,2752.4,3766.1,-1540.2,1016.8,-490.3
2013-02-01,2212.5,3077.7,-1133.2,529.7,-261.7
2013-03-01,6740.2,6898.9,43.8,-126.3,-76.2
2013-04-01,5039.9,5314.8,513.7,-598.4,-190.2
2013-05-01,9608.2,9172.1,-15.8,621.5,-169.6
2013-06-01,6824.8,5502.5,193.8,1315.0,-186.5
2013-07-01,6964.6,7232.6,-834.5,859.2,-292.7
2013-08-01,6389.3,7012.2,-858.9,558.4,-322.4
2013-09-01,7847.7,8338.5,-315.6,533.1,-708.3
2013-10-01,10724.0,9536.0,412.3,1176.1,-400.4
2013-11-01,5891.6,7817.1,-2085.6,540.9,-380.8
2013-12-01,6263.7,6590.5,-708.6,1092.0,-710.2
2014-01-01,1837.7,3674.4,-1720.8,219.7,-335.6
2014-02-01,4812.5,5930.7,-527.8,-426.3,-164.1
2014-03-01,6182.8,7450.3,-603.6,-343.6,-320.3
2014-04-01,6875.5,9833.7,-213.8,-1846.1,-898.3
2014-05-01,9148.3,8560.9,276.4,699.8,-388.8
2014-06-01,7768.8,6088.3,118.1,1949.9,-387.5
2014-07-01,6198.8,5421.5,413.4,753.7,-389.8
2014-08-01,6793.9,6749.3,-339.4,902.3,-518.3
2014-09-01,7418.7,8012.6,-410.1,159.7,-343.5
2014-10-01,8604.5,7730.6,210.5,925.8,-262.4
2014-11-01,10582.7,9364.2,87.4,1246.4,-115.3
2014-12-01,6805.4,7328.5,-580.4,918.1,-860.8
2015-01-01,7076.0,6718.7,-1902.1,2882.7,-623.3
2015-02-01,6136.4,6870.5,-1666.5,1160.3,-227.9
2015-03-01,9761.5,10495.9,-488.6,153.5,-399.3
2015-04-01,7221.6,11734.5,-824.2,-3191.8,-496.9
2015-05-01,7958.8,8584.8,-25.0,-157.3,-443.7
2015-06-01,11546.2,12773.4,-2094.9,1126.9,-259.2
2015-07-01,9367.2,10181.4,-1500.6,874.9,-188.5
2015-08-01,8119.4,8652.3,-931.5,517.9,-119.3
2015-09-01,10600.3,12026.3,-1256.8,375.0,-544.2
2015-10-01,9561.0,10843.3,-1432.2,587.6,-437.7
2015-11-01,9727.7,10448.6,-1233.4,698.6,-186.1
2015-12-01,8042.5,10945.3,-1270.0,-573.7,-1059.1
2016-01-01,7317.4,8255.0,-1808.4,1328.6,-457.8
2016-02-01,7927.5,8143.3,-1053.1,816.7,20.6
2016-03-01,11122.8,13316.3,-849.5,-810.0,-534.0
2016-04-01,4184.3,9893.3,-1670.3,-3515.9,-522.8
2016-05-01,10491.0,10237.7,-1129.8,1530.0,-146.9
2016-06-01,12409.7,12413.1,-1280.1,1819.6,-542.9
2016-07-01,8831.8,10486.8,-1418.0,388.6,-625.6
2016-08-01,5410.1,6791.0,-1453.4,1023.3,-950.8
2016-09-01,7517.5,9894.6,-2545.8,987.7,-819.0
2016-10-01,7476.8,8874.9,-1771.7,764.8,-391.2
2016-11-01,7873.3,9453.1,-1703.2,338.0,-214.6
2016-12-01,7361.5,8702.6,-655.1,-104.3,-581.7
2017-01-01,3401.7,6687.5,-4174.6,1206.7,-317.9
2017-02-01,7438.6,9432.3,-2198.4,755.2,-550.5
2017-03-01,5140.3,8579.6,-3020.4,-402.4,-16.5
2017-04-01,3184.0,10925.8,-2494.3,-4669.9,-577.6
2017-05-01,4262.1,7675.6,-2807.2,36.4,-642.7
2017-06-01,7008.9,8702.4,-2809.6,1527.1,-411.0
2017-07-01,7467.4,9920.7,-3304.6,1534.5,-683.2
2017-08-01,6139.4,8647.3,-2309.0,592.1,-791.0
2017-09-01,12337.7,14522.7,-3002.5,1813.7,-996.2
2017-10-01,6890.0,9417.9,-3602.5,1547.2,-472.6
2017-11-01,7474.3,11165.6,-3303.6,272.6,-660.3
2017-12-01,4486.5,7915.5,-3707.4,1123.7,-845.3
2018-01-01,2556.9,7338.0,-4654.4,1543.5,-1670.2
2018-02-01,3226.7,4793.3,-2723.5,1553.1,-396.2
2018-03-01,5210.4,9216.5,-2314.0,-1008.4,-683.7
2018-04-01,1490.4,9402.2,-1970.1,-5269.2,-672.5
2018-05-01,8792.3,10550.2,-1930.4,900.8,-728.3
2018-06-01,7980.1,9413.5,-2230.8,1361.4,-564.0
2018-07-01,8874.4,10685.3,-2837.4,1692.5,-666.0
2018-08-01,8581.2,10927.6,-2127.7,444.3,-663.0
2018-09-01,11235.5,13105.2,-2479.1,1047.4,-438.0
2018-10-01,9473.6,10522.2,-2055.0,1414.7,-408.3
2018-11-01,5130.6,7504.9,-2193.6,341.8,-522.5
2018-12-01,4914.4,6627.9,-1853.4,880.0,-740.1
2019-01-01,2894.7,5880.0,-3934.0,1695.2,-746.5
2019-02-01,3308.2,5418.5,-1859.8,311.7,-562.2
2019-03-01,4347.0,8429.1,-2426.2,-1021.4,-634.5
2019-04-01,-527.4,5545.8,-1618.2,-3866.4,-588.6
2019-05-01,4983.2,5717.8,-1384.6,1363.4,-713.4
2019-06-01,6166.1,6361.5,-2431.0,2009.3,226.3
2019-07-01,6957.2,6814.9,-2080.7,2841.8,-618.8
2019-08-01,4983.5,4819.3,-1923.1,2427.1,-339.8
2019-09-01,8014.3,8937.8,-2597.2,2001.3,-327.6
2019-10-01,8035.8,8541.7,-1872.0,1730.2,-364.1
2019-11-01,5876.6,7748.2,-2123.2,799.4,-547.8
2019-12-01,4636.9,5597.5,-2595.3,2564.4,-929.7
2020-01-01,434.3,1971.8,-2738.2,1521.9,-321.2
2020-02-01,6753.5,6591.1,-607.6,1226.8,-456.8
2020-03-01,5906.9,6906.2,-1506.6,917.2,-409.9
2020-04-01,-4697.5,458.3,-1486.4,-3308.9,-360.5
2020-05-01,2078.1,2210.9,-613.6,811.4,-330.6
2020-06-01,6967.5,5692.4,-1250.1,2135.8,389.4
2020-07-01,7304.6,7037.6,-1129.5,1880.8,-484.3
2020-08-01,6539.2,7212.7,-824.2,549.7,-399.0
2020-09-01,10847.1,12220.2,-1978.8,1100.9,-495.2
2020-10-01,12439.9,10622.9,-696.6,2936.0,-422.4
2020-11-01,9664.9,10225.8,-754.8,606.5,-412.6
2020-12-01,12264.9,10915.5,-530.9,2664.2,-783.9
2021-01-01,5745.1,5794.2,-995.2,1495.0,-548.9
2021-02-01,6698.6,6357.2,-391.7,1102.6,-369.5
2021-03-01,7255.4,8425.0,-1495.2,843.5,-517.9
2021-04-01,-493.4,5630.9,-713.6,-4419.5,-991.2
2021-05-01,11856.8,7248.6,-934.0,6372.6,-830.4
2021-06-01,9930.8,8330.0,-1551.7,3638.8,-486.3
2021-07-01,7324.3,5882.3,-611.4,2603.7,-550.3
2021-08-01,6671.5,6335.0,178.3,341.8,-183.6
2021-09-01,9308.2,9513.5,-766.9,809.9,-248.3
2021-10-01,7357.7,5958.2,127.3,1408.7,-136.5
2021-11-01,6534.6,5855.3,-616.5,1578.7,-282.9
2021-12-01,5689.5,4328.9,-1223.8,3530.0,-945.6
2022-01-01,1646.4,1057.3,-553.1,1636.2,-494.0
2022-02-01,5263.3,4519.7,-108.4,1100.6,-248.6
2022-03-01,7131.1,6038.1,123.4,1106.7,-137.1
2022-04-01,-539.6,3549.3,-2.9,-3619.1,-466.9
2022-05-01,4202.3,3340.2,-580.9,1880.2,-437.2
2022-06-01,5972.9,4166.5,-1197.1,3383.5,-380.0
2022-07-01,1619.8,-100.0,-563.9,2719.5,-435.8
2022-08-01,-4363.0,-3733.5,-1791.8,1374.0,-211.7
2022-09-01,1810.1,1183.0,-1231.0,2360.5,-502.4
2022-10-01,472.9,-596.6,-560.8,1647.8,-17.5
2022-11-01,-1842.5,-781.0,-1283.7,551.3,-329.1
2022-12-01,1864.7,-308.3,-3000.5,5643.6,-470.1
2023-01-01,-9056.0,-6922.9,-3881.3,2139.0,-390.8
2023-02-01,-1859.9,-820.4,-2676.5,2018.2,-381.2
2023-03-01,-1213.5,-326.8,-2291.0,1870.3,-466.0
2023-04-01,-2891.1,1131.9,-1433.3,-2425.6,-164.1
2023-05-01,2023.6,2509.5,-1554.8,1594.8,-525.9
2023-06-01,3923.7,4769.1,-2996.1,2675.0,-524.3
2023-07-01,3715.3,5477.5,-2952.0,2483.7,-1293.9
2023-08-01,6232.9,6286.6,-1671.4,1846.8,-229.1
2023-09-01,7548.7,8767.9,-3464.0,2791.3,-546.5
2023-10-01,8417.3,6387.6,-1727.4,4011.8,-254.7
2023-11-01,6721.2,7968.7,-2712.3,2387.3,-922.5
2023-12-01,8968.0,9401.8,-3382.4,3815.9,-867.3
2024-01-01,3511.9,4950.4,-3001.9,1973.6,-410.2
2024-02-01,6802.1,7606.5,-2231.0,2124.4,-697.8
2024-03-01,7826.8,9802.1,-3147.7,2181.2,-1008.8
2024-04-01,773.8,5973.1,-2273.6,-2106.7,-819.0
2024-05-01,9277.4,9849.7,-1989.5,2116.9,-699.7
2024-06-01,13431.5,13043.1,-2121.9,3094.1,-583.8
2024-07-01,9022.6,9275.5,-2826.7,3063.2,-489.4
2024-08-01,5899.8,7732.3,-2133.1,1258.0,-957.4
2024-09-01,11368.5,11831.9,-2832.8,3152.8,-783.4
2024-10-01,9861.5,8920.1,-2031.3,3276.8,-304.1
2024-11-01,9456.6,10488.4,-2460.6,1993.5,-564.7
2024-12-01,12741.0,11436.9,-2378.3,4651.7,-969.3
2025-01-01,2678.0,3349.7,-2352.7,2271.5,-590.5
2025-02-01,7225.2,8984.4,-3377.2,2405.5,-787.5
2025-03-01,9583.2,9687.8,-2513.5,3019.6,-610.7
2025-04-01,4510.6,9776.5,-2699.1,-1959.3,-607.5
2025-05-01,9906.7,11724.6,-2561.1,1537.1,-793.9
2025-06-01,13968.5,14397.1,-2804.8,3307.3,-931.1
2025-07-01,11945.1,11429.1,-1931.3,3008.9,-561.6
2025-08-01,9848.0,10715.4,-2239.9,1932.9,-560.4
2025-09-01,14220.3,15426.8,-3483.7,3039.0,-761.8
2025-10-01,7567.6,9031.6,-4015.8,3100.5,-548.7
2025-11-01,12898.0,14697.1,-2853.1,1526.4,-472.4
2025-12-01,18702.6,18853.1,-3687.2,4729.5,-1192.8
2026-01-01,13259.1,15173.3,-3801.7,2715.1,-827.6
