target,horizon,model,fx_mode,transform,unit_label,rmse_response,mae_response,nrmse_response,rmse_level_delta,mae_level_delta,test_rows
CSI_CCSI,1,LocalProjection_ElasticNet,actual,diff,unit_delta_horizon,3.0669851522162834,2.504233175162709,0.9208066830292448,3.0669851522162834,2.504233175162709,15
CSI_CCSI,1,LocalProjection_ElasticNet,predicted,diff,unit_delta_horizon,3.3650799928726496,2.5453370825445174,1.0103042540411449,3.3650799928726496,2.5453370825445174,15
CSI_CCSI,1,LocalProjection_ElasticNet,scenario,diff,unit_delta_horizon,4.701727758762899,4.020206197546619,1.4116085103719742,4.701727758762899,4.020206197546619,15
CSI_CCSI,1,LocalProjection_OLS,actual,diff,unit_delta_horizon,3.31317817388644,2.531801488055412,0.9947216739463765,3.31317817388644,2.531801488055412,15
CSI_CCSI,1,LocalProjection_OLS,predicted,diff,unit_delta_horizon,3.4924251881631667,2.504062233613055,1.0485373399725968,3.4924251881631667,2.504062233613055,15
CSI_CCSI,1,LocalProjection_OLS,scenario,diff,unit_delta_horizon,6.133012236506553,5.650312018090555,1.841325723534876,6.133012236506553,5.650312018090555,15
CSI_CCSI,1,LocalProjection_Ridge,actual,diff,unit_delta_horizon,3.276437879963896,2.532086914468731,0.9836910668513631,3.276437879963896,2.532086914468731,15
CSI_CCSI,1,LocalProjection_Ridge,predicted,diff,unit_delta_horizon,3.4760557162037107,2.5053008045836416,1.0436227028192233,3.4760557162037107,2.5053008045836416,15
CSI_CCSI,1,LocalProjection_Ridge,scenario,diff,unit_delta_horizon,6.021278065587356,5.533870541160003,1.8077795646202228,6.021278065587356,5.533870541160003,15
CSI_CCSI,2,LocalProjection_ElasticNet,actual,diff,unit_delta_horizon,5.484489765500323,4.1550446816889535,0.9477490418876791,5.484489765500323,4.1550446816889535,15
CSI_CCSI,2,LocalProjection_ElasticNet,predicted,diff,unit_delta_horizon,5.6065105024190895,4.319334182689174,0.9688348751100591,5.6065105024190895,4.319334182689174,15
CSI_CCSI,2,LocalProjection_ElasticNet,scenario,diff,unit_delta_horizon,6.5352726600308975,4.982819902438421,1.1293299225354645,6.5352726600308975,4.982819902438421,15
CSI_CCSI,2,LocalProjection_OLS,actual,diff,unit_delta_horizon,5.62998592597565,4.12237821772827,0.9728915533308102,5.62998592597565,4.12237821772827,15
CSI_CCSI,2,LocalProjection_OLS,predicted,diff,unit_delta_horizon,5.61931870072094,4.315590798476147,0.971048199993122,5.61931870072094,4.315590798476147,15
CSI_CCSI,2,LocalProjection_OLS,scenario,diff,unit_delta_horizon,8.183607305448723,7.089751888874273,1.414170928299015,8.183607305448723,7.089751888874273,15
CSI_CCSI,2,LocalProjection_Ridge,actual,diff,unit_delta_horizon,5.585270876452574,4.1015375705866495,0.9651645546207325,5.585270876452574,4.1015375705866495,15
CSI_CCSI,2,LocalProjection_Ridge,predicted,diff,unit_delta_horizon,5.5915569920175825,4.27407866768897,0.9662508288702366,5.5915569920175825,4.27407866768897,15
CSI_CCSI,2,LocalProjection_Ridge,scenario,diff,unit_delta_horizon,8.041344629478926,6.950579609698834,1.389587180199988,8.041344629478926,6.950579609698834,15
CSI_CCSI,3,LocalProjection_ElasticNet,actual,diff,unit_delta_horizon,7.030734058463523,5.410573420072833,0.9933577761901994,7.030734058463523,5.410573420072833,15
CSI_CCSI,3,LocalProjection_ElasticNet,predicted,diff,unit_delta_horizon,7.044666866431272,5.425826316961309,0.9953263136179901,7.044666866431272,5.425826316961309,15
CSI_CCSI,3,LocalProjection_ElasticNet,scenario,diff,unit_delta_horizon,7.044666866431272,5.425826316961309,0.9953263136179901,7.044666866431272,5.425826316961309,15
CSI_CCSI,3,LocalProjection_OLS,actual,diff,unit_delta_horizon,6.176993121326947,4.78971103520749,0.8727344967851666,6.176993121326947,4.78971103520749,15
CSI_CCSI,3,LocalProjection_OLS,predicted,diff,unit_delta_horizon,7.078008694052853,5.162344060412522,1.0000371110204918,7.078008694052853,5.162344060412522,15
CSI_CCSI,3,LocalProjection_OLS,scenario,diff,unit_delta_horizon,8.042696609780846,6.418216456879828,1.1363358580242346,8.042696609780846,6.418216456879828,15
CSI_CCSI,3,LocalProjection_Ridge,actual,diff,unit_delta_horizon,6.108831372304986,4.737738052045774,0.8631040651877457,6.108831372304986,4.737738052045774,15
CSI_CCSI,3,LocalProjection_Ridge,predicted,diff,unit_delta_horizon,7.001481234124743,5.122047027937216,0.989224705547672,7.001481234124743,5.122047027937216,15
CSI_CCSI,3,LocalProjection_Ridge,scenario,diff,unit_delta_horizon,7.9043668649831185,6.284209315633458,1.1167915364028222,7.9043668649831185,6.284209315633458,15
CSI_CCSI,4,LocalProjection_ElasticNet,actual,diff,unit_delta_horizon,7.5200807397984315,6.171631687802857,0.8913135231882605,7.5200807397984315,6.171631687802857,15
CSI_CCSI,4,LocalProjection_ElasticNet,predicted,diff,unit_delta_horizon,8.32062676615227,7.024976952177817,0.9861978101943236,8.32062676615227,7.024976952177817,15
CSI_CCSI,4,LocalProjection_ElasticNet,scenario,diff,unit_delta_horizon,8.321972096462463,6.882273815952118,0.9863572647454277,8.321972096462463,6.882273815952118,15
CSI_CCSI,4,LocalProjection_OLS,actual,diff,unit_delta_horizon,8.003121360660746,6.613969654097021,0.9485656528556043,8.003121360660746,6.613969654097021,15
CSI_CCSI,4,LocalProjection_OLS,predicted,diff,unit_delta_horizon,9.243184988543923,7.93467582250202,1.095543527081965,9.243184988543923,7.93467582250202,15
CSI_CCSI,4,LocalProjection_OLS,scenario,diff,unit_delta_horizon,9.957469487219369,8.182727829216814,1.1802037129365965,9.957469487219369,8.182727829216814,15
CSI_CCSI,4,LocalProjection_Ridge,actual,diff,unit_delta_horizon,7.885725563547974,6.55444675766479,0.9346513791725689,7.885725563547974,6.55444675766479,15
CSI_CCSI,4,LocalProjection_Ridge,predicted,diff,unit_delta_horizon,9.128276058647442,7.841494457314971,1.0819240079975767,9.128276058647442,7.841494457314971,15
CSI_CCSI,4,LocalProjection_Ridge,scenario,diff,unit_delta_horizon,9.780115556715863,7.993149997318105,1.159182933756425,9.780115556715863,7.993149997318105,15
CSI_CCSI,5,LocalProjection_ElasticNet,actual,diff,unit_delta_horizon,8.006732327347788,6.715835395245045,0.8614571983632721,8.006732327347788,6.715835395245045,14
CSI_CCSI,5,LocalProjection_ElasticNet,predicted,diff,unit_delta_horizon,9.038971910230373,7.853180067186281,0.9725175139519987,9.038971910230373,7.853180067186281,14
CSI_CCSI,5,LocalProjection_ElasticNet,scenario,diff,unit_delta_horizon,9.091081173755128,7.527377712228786,0.9781240333571102,9.091081173755128,7.527377712228786,14
CSI_CCSI,5,LocalProjection_OLS,actual,diff,unit_delta_horizon,8.72099432143691,6.823939459446852,0.9383057941660493,8.72099432143691,6.823939459446852,14
CSI_CCSI,5,LocalProjection_OLS,predicted,diff,unit_delta_horizon,9.974686008027453,8.355525287854029,1.0731924974785556,9.974686008027453,8.355525287854029,14
CSI_CCSI,5,LocalProjection_OLS,scenario,diff,unit_delta_horizon,10.53659434065543,8.708551875606544,1.1336491180039252,10.53659434065543,8.708551875606544,14
CSI_CCSI,5,LocalProjection_Ridge,actual,diff,unit_delta_horizon,8.576725540868061,6.683815997044671,0.9227836842166969,8.576725540868061,6.683815997044671,14
CSI_CCSI,5,LocalProjection_Ridge,predicted,diff,unit_delta_horizon,9.849867901920819,8.291046013767312,1.059763116852908,9.849867901920819,8.291046013767312,14
CSI_CCSI,5,LocalProjection_Ridge,scenario,diff,unit_delta_horizon,10.365541531242283,8.545973392684353,1.1152452713477916,10.365541531242283,8.545973392684353,14
CSI_CCSI,6,LocalProjection_ElasticNet,actual,diff,unit_delta_horizon,9.33631067942786,7.297707032236152,0.9261451344077288,9.33631067942786,7.297707032236152,14
CSI_CCSI,6,LocalProjection_ElasticNet,predicted,diff,unit_delta_horizon,10.209310102311004,8.678401619264786,1.0127450983126924,10.209310102311004,8.678401619264786,14
CSI_CCSI,6,LocalProjection_ElasticNet,scenario,diff,unit_delta_horizon,9.921063378108725,8.097689874382246,0.9841515445744756,9.921063378108725,8.097689874382246,14
CSI_CCSI,6,LocalProjection_OLS,actual,diff,unit_delta_horizon,10.354849944359808,7.422203277753197,1.0271823874308634,10.354849944359808,7.422203277753197,14
CSI_CCSI,6,LocalProjection_OLS,predicted,diff,unit_delta_horizon,11.193993884270002,8.96948778685468,1.1104239486535437,11.193993884270002,8.96948778685468,14
CSI_CCSI,6,LocalProjection_OLS,scenario,diff,unit_delta_horizon,10.893374042161431,8.390903973483214,1.0806030039961694,10.893374042161431,8.390903973483214,14
CSI_CCSI,6,LocalProjection_Ridge,actual,diff,unit_delta_horizon,10.203381273744856,7.3275818153142,1.0121569692413908,10.203381273744856,7.3275818153142,14
CSI_CCSI,6,LocalProjection_Ridge,predicted,diff,unit_delta_horizon,11.072086357131528,8.881945760378212,1.0983309424347432,11.072086357131528,8.881945760378212,14
CSI_CCSI,6,LocalProjection_Ridge,scenario,diff,unit_delta_horizon,10.76682395644546,8.26025701521193,1.068049464362684,10.76682395644546,8.26025701521193,14
Foreign_Bond_Investment,1,LocalProjection_ElasticNet,actual,diff,unit_delta_horizon,5195.302708821674,3881.418676217364,1.039051813328571,5195.302708821674,3881.418676217364,17
Foreign_Bond_Investment,1,LocalProjection_ElasticNet,predicted,diff,unit_delta_horizon,5238.679778374908,3890.8655501461394,1.0477271543630091,5238.679778374908,3890.8655501461394,17
Foreign_Bond_Investment,1,LocalProjection_ElasticNet,scenario,diff,unit_delta_horizon,5241.959984661317,3939.732990151533,1.0483831901093377,5241.959984661317,3939.732990151533,17
Foreign_Bond_Investment,1,LocalProjection_OLS,actual,diff,unit_delta_horizon,5639.141069488509,4368.682403415686,1.1278187397855381,5639.141069488509,4368.682403415686,17
Foreign_Bond_Investment,1,LocalProjection_OLS,predicted,diff,unit_delta_horizon,5639.750495068792,4378.178447889626,1.1279406238777214,5639.750495068792,4378.178447889626,17
Foreign_Bond_Investment,1,LocalProjection_OLS,scenario,diff,unit_delta_horizon,5655.760576168811,4440.763911786604,1.1311426131997806,5655.760576168811,4440.763911786604,17
Foreign_Bond_Investment,1,LocalProjection_Ridge,actual,diff,unit_delta_horizon,5617.346032706403,4348.2002172370385,1.1234597690461514,5617.346032706403,4348.2002172370385,17
Foreign_Bond_Investment,1,LocalProjection_Ridge,predicted,diff,unit_delta_horizon,5621.82059932914,4356.393685563318,1.1243546748531452,5621.82059932914,4356.393685563318,17
Foreign_Bond_Investment,1,LocalProjection_Ridge,scenario,diff,unit_delta_horizon,5637.5409400243325,4421.095251319274,1.127498716581021,5637.5409400243325,4421.095251319274,17
Foreign_Bond_Investment,2,LocalProjection_ElasticNet,actual,diff,unit_delta_horizon,4819.984776045166,3979.028913986947,0.9941114126526605,4819.984776045166,3979.028913986947,17
Foreign_Bond_Investment,2,LocalProjection_ElasticNet,predicted,diff,unit_delta_horizon,4833.311251047671,3959.8814896184767,0.9968599692365447,4833.311251047671,3959.8814896184767,17
Foreign_Bond_Investment,2,LocalProjection_ElasticNet,scenario,diff,unit_delta_horizon,4833.294102919048,3961.2911221972436,0.996856432472185,4833.294102919048,3961.2911221972436,17
Foreign_Bond_Investment,2,LocalProjection_OLS,actual,diff,unit_delta_horizon,4590.762932794158,3890.7477775064813,0.9468349043247488,4590.762932794158,3890.7477775064813,17
Foreign_Bond_Investment,2,LocalProjection_OLS,predicted,diff,unit_delta_horizon,4647.388461702726,3692.3201920492425,0.958513796925254,4647.388461702726,3692.3201920492425,17
Foreign_Bond_Investment,2,LocalProjection_OLS,scenario,diff,unit_delta_horizon,4644.62535843319,3685.9231208967894,0.9579439128649898,4644.62535843319,3685.9231208967894,17
Foreign_Bond_Investment,2,LocalProjection_Ridge,actual,diff,unit_delta_horizon,4594.3812069592395,3895.037015610723,0.9475811655286205,4594.3812069592395,3895.037015610723,17
Foreign_Bond_Investment,2,LocalProjection_Ridge,predicted,diff,unit_delta_horizon,4652.026460060643,3701.3871215381237,0.9594703740336267,4652.026460060643,3701.3871215381237,17
Foreign_Bond_Investment,2,LocalProjection_Ridge,scenario,diff,unit_delta_horizon,4649.581416297136,3695.683861619683,0.958966089057081,4649.581416297136,3695.683861619683,17
Foreign_Bond_Investment,3,LocalProjection_ElasticNet,actual,diff,unit_delta_horizon,6309.844499157817,4833.056432293444,0.9980774104942752,6309.844499157817,4833.056432293444,17
Foreign_Bond_Investment,3,LocalProjection_ElasticNet,predicted,diff,unit_delta_horizon,6308.215385193716,4826.243865280129,0.9978197208084348,6308.215385193716,4826.243865280129,17
Foreign_Bond_Investment,3,LocalProjection_ElasticNet,scenario,diff,unit_delta_horizon,6308.328300575866,4825.87662582101,0.9978375815167669,6308.328300575866,4825.87662582101,17
Foreign_Bond_Investment,3,LocalProjection_OLS,actual,diff,unit_delta_horizon,6256.853576158858,4763.735301723049,0.9896954221245837,6256.853576158858,4763.735301723049,17
Foreign_Bond_Investment,3,LocalProjection_OLS,predicted,diff,unit_delta_horizon,6127.459691840383,4619.5673766320515,0.9692281803388921,6127.459691840383,4619.5673766320515,17
Foreign_Bond_Investment,3,LocalProjection_OLS,scenario,diff,unit_delta_horizon,6138.059035311211,4638.732592504234,0.9709047613205178,6138.059035311211,4638.732592504234,17
Foreign_Bond_Investment,3,LocalProjection_Ridge,actual,diff,unit_delta_horizon,6255.634726441817,4764.67767274389,0.9895026271405666,6255.634726441817,4764.67767274389,17
Foreign_Bond_Investment,3,LocalProjection_Ridge,predicted,diff,unit_delta_horizon,6132.518454207086,4625.488673029326,0.9700283643123543,6132.518454207086,4625.488673029326,17
Foreign_Bond_Investment,3,LocalProjection_Ridge,scenario,diff,unit_delta_horizon,6142.40864614263,4643.858589400111,0.9715927732542285,6142.40864614263,4643.858589400111,17
Foreign_Bond_Investment,4,LocalProjection_ElasticNet,actual,diff,unit_delta_horizon,4913.983038717608,3785.0816655468016,1.0058076278860082,4913.983038717608,3785.0816655468016,16
Foreign_Bond_Investment,4,LocalProjection_ElasticNet,predicted,diff,unit_delta_horizon,4925.546663451157,3794.3235908367196,1.0081745025519104,4925.546663451157,3794.3235908367196,16
Foreign_Bond_Investment,4,LocalProjection_ElasticNet,scenario,diff,unit_delta_horizon,4930.297505636062,3779.788182268427,1.0091469180590074,4930.297505636062,3779.788182268427,16
Foreign_Bond_Investment,4,LocalProjection_OLS,actual,diff,unit_delta_horizon,4919.985287297601,3691.3545413403153,1.0070361847122442,4919.985287297601,3691.3545413403153,16
Foreign_Bond_Investment,4,LocalProjection_OLS,predicted,diff,unit_delta_horizon,4933.71985269255,3712.746371634262,1.0098474135119968,4933.71985269255,3712.746371634262,16
Foreign_Bond_Investment,4,LocalProjection_OLS,scenario,diff,unit_delta_horizon,4969.089324759882,3631.360804827516,1.017086934796325,4969.089324759882,3631.360804827516,16
Foreign_Bond_Investment,4,LocalProjection_Ridge,actual,diff,unit_delta_horizon,4918.770294796952,3691.500248268437,1.0067874966896466,4918.770294796952,3691.500248268437,16
Foreign_Bond_Investment,4,LocalProjection_Ridge,predicted,diff,unit_delta_horizon,4934.963449890726,3715.62523875679,1.010101956423132,4934.963449890726,3715.62523875679,16
Foreign_Bond_Investment,4,LocalProjection_Ridge,scenario,diff,unit_delta_horizon,4969.990559872498,3633.5751280726618,1.0172714020896887,4969.990559872498,3633.5751280726618,16
Foreign_Bond_Investment,5,LocalProjection_ElasticNet,actual,diff,unit_delta_horizon,5383.147845035085,4115.164886081051,1.0240927361405132,5383.147845035085,4115.164886081051,16
Foreign_Bond_Investment,5,LocalProjection_ElasticNet,predicted,diff,unit_delta_horizon,5398.745297348845,4117.1627887812365,1.0270600032631416,5398.745297348845,4117.1627887812365,16
Foreign_Bond_Investment,5,LocalProjection_ElasticNet,scenario,diff,unit_delta_horizon,5395.028215833524,4117.1627887812365,1.0263528638181432,5395.028215833524,4117.1627887812365,16
Foreign_Bond_Investment,5,LocalProjection_OLS,actual,diff,unit_delta_horizon,5281.344324067598,4021.934880541339,1.0047255834377524,5281.344324067598,4021.934880541339,16
Foreign_Bond_Investment,5,LocalProjection_OLS,predicted,diff,unit_delta_horizon,5390.511076602318,4040.555005631568,1.0254935209934648,5390.511076602318,4040.555005631568,16
Foreign_Bond_Investment,5,LocalProjection_OLS,scenario,diff,unit_delta_horizon,5323.9281186285925,4020.123331943375,1.012826745795282,5323.9281186285925,4020.123331943375,16
Foreign_Bond_Investment,5,LocalProjection_Ridge,actual,diff,unit_delta_horizon,5282.60418675317,4025.5425169694186,1.0049652603446424,5282.60418675317,4025.5425169694186,16
Foreign_Bond_Investment,5,LocalProjection_Ridge,predicted,diff,unit_delta_horizon,5390.915338827218,4044.9931490946906,1.0255704280411502,5390.915338827218,4044.9931490946906,16
Foreign_Bond_Investment,5,LocalProjection_Ridge,scenario,diff,unit_delta_horizon,5326.412381559647,4017.503814874228,1.0132993532167376,5326.412381559647,4017.503814874228,16
Foreign_Bond_Investment,6,LocalProjection_ElasticNet,actual,diff,unit_delta_horizon,3349.986410172113,2597.5026626605095,1.105162714289356,3349.986410172113,2597.5026626605095,16
Foreign_Bond_Investment,6,LocalProjection_ElasticNet,predicted,diff,unit_delta_horizon,3344.0894624371663,2580.8430238870073,1.10321730736323,3344.0894624371663,2580.8430238870073,16
Foreign_Bond_Investment,6,LocalProjection_ElasticNet,scenario,diff,unit_delta_horizon,3375.712462067121,2617.7792712706796,1.1136497556856748,3375.712462067121,2617.7792712706796,16
Foreign_Bond_Investment,6,LocalProjection_OLS,actual,diff,unit_delta_horizon,3939.8540729792417,3438.0095153075044,1.2997604431995315,3939.8540729792417,3438.0095153075044,16
Foreign_Bond_Investment,6,LocalProjection_OLS,predicted,diff,unit_delta_horizon,3771.8516755408914,3306.0631227863564,1.244336342075925,3771.8516755408914,3306.0631227863564,16
Foreign_Bond_Investment,6,LocalProjection_OLS,scenario,diff,unit_delta_horizon,3887.380715468978,3428.7121071448573,1.2824494481346471,3887.380715468978,3428.7121071448573,16
Foreign_Bond_Investment,6,LocalProjection_Ridge,actual,diff,unit_delta_horizon,3911.1053392128633,3406.130984790043,1.2902762170709843,3911.1053392128633,3406.130984790043,16
Foreign_Bond_Investment,6,LocalProjection_Ridge,predicted,diff,unit_delta_horizon,3750.2302903453974,3277.9881465470608,1.2372034329164159,3750.2302903453974,3277.9881465470608,16
Foreign_Bond_Investment,6,LocalProjection_Ridge,scenario,diff,unit_delta_horizon,3867.7339920559566,3402.5892589891905,1.2759679811925435,3867.7339920559566,3402.5892589891905,16
Foreign_Stock_Investment,1,LocalProjection_ElasticNet,actual,diff,unit_delta_horizon,6232.611472398226,4241.187450181942,0.9998614246062155,6232.611472398226,4241.187450181942,17
Foreign_Stock_Investment,1,LocalProjection_ElasticNet,predicted,diff,unit_delta_horizon,6237.332073551645,4239.414008335944,1.0006187230540904,6237.332073551645,4239.414008335944,17
Foreign_Stock_Investment,1,LocalProjection_ElasticNet,scenario,diff,unit_delta_horizon,6240.685809781021,4242.070547493508,1.001156743352469,6240.685809781021,4242.070547493508,17
Foreign_Stock_Investment,1,LocalProjection_OLS,actual,diff,unit_delta_horizon,6128.026732599551,4290.973381047403,0.9830835061702157,6128.026732599551,4290.973381047403,17
Foreign_Stock_Investment,1,LocalProjection_OLS,predicted,diff,unit_delta_horizon,6166.729246539472,4274.981837789565,0.9892923242387229,6166.729246539472,4274.981837789565,17
Foreign_Stock_Investment,1,LocalProjection_OLS,scenario,diff,unit_delta_horizon,6217.475211023046,4358.018000916725,0.9974332026756775,6217.475211023046,4358.018000916725,17
Foreign_Stock_Investment,1,LocalProjection_Ridge,actual,diff,unit_delta_horizon,6129.4663526812865,4289.292371038538,0.9833144560043567,6129.4663526812865,4289.292371038538,17
Foreign_Stock_Investment,1,LocalProjection_Ridge,predicted,diff,unit_delta_horizon,6167.462229372658,4273.625655526589,0.989409912389861,6167.462229372658,4273.625655526589,17
Foreign_Stock_Investment,1,LocalProjection_Ridge,scenario,diff,unit_delta_horizon,6216.702839928236,4354.914607882334,0.9973092956959787,6216.702839928236,4354.914607882334,17
Foreign_Stock_Investment,2,LocalProjection_ElasticNet,actual,diff,unit_delta_horizon,6388.217813737967,4597.609516168065,0.9978877495189373,6388.217813737967,4597.609516168065,17
Foreign_Stock_Investment,2,LocalProjection_ElasticNet,predicted,diff,unit_delta_horizon,6397.14419621315,4601.001237301993,0.9992821177103834,6397.14419621315,4601.001237301993,17
Foreign_Stock_Investment,2,LocalProjection_ElasticNet,scenario,diff,unit_delta_horizon,6399.296616982413,4597.569656446409,0.9996183420502672,6399.296616982413,4597.569656446409,17
Foreign_Stock_Investment,2,LocalProjection_OLS,actual,diff,unit_delta_horizon,6289.7543371311785,4573.038660591109,0.9825070126771756,6289.7543371311785,4573.038660591109,17
Foreign_Stock_Investment,2,LocalProjection_OLS,predicted,diff,unit_delta_horizon,6354.0506936358215,4647.389315905148,0.9925505879536333,6354.0506936358215,4647.389315905148,17
Foreign_Stock_Investment,2,LocalProjection_OLS,scenario,diff,unit_delta_horizon,6390.130949362836,4575.782353069068,0.9981865957165607,6390.130949362836,4575.782353069068,17
Foreign_Stock_Investment,2,LocalProjection_Ridge,actual,diff,unit_delta_horizon,6290.485539516236,4572.598228113479,0.9826212319983919,6290.485539516236,4572.598228113479,17
Foreign_Stock_Investment,2,LocalProjection_Ridge,predicted,diff,unit_delta_horizon,6354.043549582358,4644.919224659068,0.992549471998661,6354.043549582358,4644.919224659068,17
Foreign_Stock_Investment,2,LocalProjection_Ridge,scenario,diff,unit_delta_horizon,6389.031931163112,4575.253582317556,0.9980149207940737,6389.031931163112,4575.253582317556,17
Foreign_Stock_Investment,3,LocalProjection_ElasticNet,actual,diff,unit_delta_horizon,5178.1426005098465,4079.899008789317,1.0065597403536855,5178.1426005098465,4079.899008789317,17
Foreign_Stock_Investment,3,LocalProjection_ElasticNet,predicted,diff,unit_delta_horizon,5181.740913347799,4085.3945086092117,1.0072592029052814,5181.740913347799,4085.3945086092117,17
Foreign_Stock_Investment,3,LocalProjection_ElasticNet,scenario,diff,unit_delta_horizon,5191.29322620778,4089.4528606331937,1.0091160412146734,5191.29322620778,4089.4528606331937,17
Foreign_Stock_Investment,3,LocalProjection_OLS,actual,diff,unit_delta_horizon,5099.755000080948,4043.183099876124,0.9913222683831585,5099.755000080948,4043.183099876124,17
Foreign_Stock_Investment,3,LocalProjection_OLS,predicted,diff,unit_delta_horizon,5121.147988759188,4084.705864269463,0.9954807713041167,5121.147988759188,4084.705864269463,17
Foreign_Stock_Investment,3,LocalProjection_OLS,scenario,diff,unit_delta_horizon,5231.266492138481,4122.968555352427,1.0168862946202735,5231.266492138481,4122.968555352427,17
Foreign_Stock_Investment,3,LocalProjection_Ridge,actual,diff,unit_delta_horizon,5100.6095086124415,4043.9486686629484,0.9914883730952043,5100.6095086124415,4043.9486686629484,17
Foreign_Stock_Investment,3,LocalProjection_Ridge,predicted,diff,unit_delta_horizon,5121.850353506332,4084.9087594471825,0.9956173013559252,5121.850353506332,4084.9087594471825,17
Foreign_Stock_Investment,3,LocalProjection_Ridge,scenario,diff,unit_delta_horizon,5229.455613208579,4122.422467948434,1.0165342846494947,5229.455613208579,4122.422467948434,17
Foreign_Stock_Investment,4,LocalProjection_ElasticNet,actual,diff,unit_delta_horizon,6521.31168530807,4791.609454376292,1.0144843638988004,6521.31168530807,4791.609454376292,16
Foreign_Stock_Investment,4,LocalProjection_ElasticNet,predicted,diff,unit_delta_horizon,6519.5023333202325,4789.0014482382685,1.0142028930246838,6519.5023333202325,4789.0014482382685,16
Foreign_Stock_Investment,4,LocalProjection_ElasticNet,scenario,diff,unit_delta_horizon,6527.892174838904,4787.029791254697,1.0155080542325825,6527.892174838904,4787.029791254697,16
Foreign_Stock_Investment,4,LocalProjection_OLS,actual,diff,unit_delta_horizon,6513.307878698046,4960.298817579245,1.0132392560049648,6513.307878698046,4960.298817579245,16
Foreign_Stock_Investment,4,LocalProjection_OLS,predicted,diff,unit_delta_horizon,6494.815694920838,4936.105651615759,1.010362529327633,6494.815694920838,4936.105651615759,16
Foreign_Stock_Investment,4,LocalProjection_OLS,scenario,diff,unit_delta_horizon,6575.895137257704,4892.627944955471,1.0229756094031792,6575.895137257704,4892.627944955471,16
Foreign_Stock_Investment,4,LocalProjection_Ridge,actual,diff,unit_delta_horizon,6513.438134821569,4957.391375240148,1.0132595192291431,6513.438134821569,4957.391375240148,16
Foreign_Stock_Investment,4,LocalProjection_Ridge,predicted,diff,unit_delta_horizon,6495.431732330826,4933.708359061896,1.0104583628577828,6495.431732330826,4933.708359061896,16
Foreign_Stock_Investment,4,LocalProjection_Ridge,scenario,diff,unit_delta_horizon,6574.975707663954,4891.412951915248,1.0228325788302552,6574.975707663954,4891.412951915248,16
Foreign_Stock_Investment,5,LocalProjection_ElasticNet,actual,diff,unit_delta_horizon,6839.362603271476,5024.997181606417,0.967881864029527,6839.362603271476,5024.997181606417,16
Foreign_Stock_Investment,5,LocalProjection_ElasticNet,predicted,diff,unit_delta_horizon,6866.806375784437,5056.897014576648,0.971765607477073,6866.806375784437,5056.897014576648,16
Foreign_Stock_Investment,5,LocalProjection_ElasticNet,scenario,diff,unit_delta_horizon,6931.219312146056,5021.934784197224,0.9808810933095508,6931.219312146056,5021.934784197224,16
Foreign_Stock_Investment,5,LocalProjection_OLS,actual,diff,unit_delta_horizon,6756.388047116913,5006.1415171704675,0.9561396048839911,6756.388047116913,5006.1415171704675,16
Foreign_Stock_Investment,5,LocalProjection_OLS,predicted,diff,unit_delta_horizon,6787.97041059882,5012.323970854823,0.960609026760045,6787.97041059882,5012.323970854823,16
Foreign_Stock_Investment,5,LocalProjection_OLS,scenario,diff,unit_delta_horizon,6864.429230315191,5012.323970854823,0.9714292024461798,6864.429230315191,5012.323970854823,16
Foreign_Stock_Investment,5,LocalProjection_Ridge,actual,diff,unit_delta_horizon,6765.04278596954,5008.309550650578,0.9573643922303093,6765.04278596954,5008.309550650578,16
Foreign_Stock_Investment,5,LocalProjection_Ridge,predicted,diff,unit_delta_horizon,6796.2460288901875,5015.675232110994,0.9617801623354587,6796.2460288901875,5015.675232110994,16
Foreign_Stock_Investment,5,LocalProjection_Ridge,scenario,diff,unit_delta_horizon,6871.606487213745,5013.2883170239165,0.9724449018890298,6871.606487213745,5013.2883170239165,16
Foreign_Stock_Investment,6,LocalProjection_ElasticNet,actual,diff,unit_delta_horizon,6513.15855418542,5239.442151661908,0.9908461376503559,6513.15855418542,5239.442151661908,16
Foreign_Stock_Investment,6,LocalProjection_ElasticNet,predicted,diff,unit_delta_horizon,6516.7462605785495,5283.01096664152,0.9913919350531185,6516.7462605785495,5283.01096664152,16
Foreign_Stock_Investment,6,LocalProjection_ElasticNet,scenario,diff,unit_delta_horizon,6675.757364402395,5375.53629290187,1.015582277842506,6675.757364402395,5375.53629290187,16
Foreign_Stock_Investment,6,LocalProjection_OLS,actual,diff,unit_delta_horizon,6480.364368367719,5234.226168869198,0.985857161551505,6480.364368367719,5234.226168869198,16
Foreign_Stock_Investment,6,LocalProjection_OLS,predicted,diff,unit_delta_horizon,6478.549461695779,5183.4732847190135,0.985581059987091,6478.549461695779,5183.4732847190135,16
Foreign_Stock_Investment,6,LocalProjection_OLS,scenario,diff,unit_delta_horizon,6716.542290346672,5326.036812718436,1.0217868844108928,6716.542290346672,5326.036812718436,16
Foreign_Stock_Investment,6,LocalProjection_Ridge,actual,diff,unit_delta_horizon,6482.030645944046,5229.335937540699,0.9861106521869658,6482.030645944046,5229.335937540699,16
Foreign_Stock_Investment,6,LocalProjection_Ridge,predicted,diff,unit_delta_horizon,6480.957306882972,5184.279733757596,0.9859473652265446,6480.957306882972,5184.279733757596,16
Foreign_Stock_Investment,6,LocalProjection_Ridge,scenario,diff,unit_delta_horizon,6712.240408505521,5327.684099688942,1.0211324395710395,6712.240408505521,5327.684099688942,16
Import_Price_Index,1,LocalProjection_ElasticNet,actual,log_diff,log_change_horizon,0.025965174592574043,0.02314312310328842,1.2230802291138216,2.7779522460525863,2.461457082087732,11
Import_Price_Index,1,LocalProjection_ElasticNet,predicted,log_diff,log_change_horizon,0.025965174592574043,0.02314312310328842,1.2230802291138216,2.7779522460525863,2.461457082087732,11
Import_Price_Index,1,LocalProjection_ElasticNet,scenario,log_diff,log_change_horizon,0.025965174592574043,0.02314312310328842,1.2230802291138216,2.7779522460525863,2.461457082087732,11
Import_Price_Index,1,LocalProjection_OLS,actual,log_diff,log_change_horizon,0.020311101254568528,0.01831098417332302,0.9567471340283792,2.144303715350704,1.9359811293026292,11
Import_Price_Index,1,LocalProjection_OLS,predicted,log_diff,log_change_horizon,0.022282111049894325,0.020901464763994505,1.0495908429531062,2.3575166445269535,2.213105223720798,11
Import_Price_Index,1,LocalProjection_OLS,scenario,log_diff,log_change_horizon,0.021545505976275345,0.020330462657358488,1.0148933253609862,2.2679585377706,2.1482027105022254,11
Import_Price_Index,1,LocalProjection_Ridge,actual,log_diff,log_change_horizon,0.02052832291030776,0.018537159219959663,0.9669792821513503,2.1697301475749504,1.9608204542264718,11
Import_Price_Index,1,LocalProjection_Ridge,predicted,log_diff,log_change_horizon,0.022391390190094597,0.02099523187267817,1.05473839762704,2.3715755194325836,2.223992784163936,11
Import_Price_Index,1,LocalProjection_Ridge,scenario,log_diff,log_change_horizon,0.021591454220527863,0.02038804905576913,1.017057700913609,2.2745683342647314,2.154997505198853,11
Import_Price_Index,2,LocalProjection_ElasticNet,actual,log_diff,log_change_horizon,0.0483116986298042,0.04435949763888905,1.360819846028573,5.183743987082118,4.745448014918358,11
Import_Price_Index,2,LocalProjection_ElasticNet,predicted,log_diff,log_change_horizon,0.0483116986298042,0.04435949763888905,1.360819846028573,5.183743987082118,4.745448014918358,11
Import_Price_Index,2,LocalProjection_ElasticNet,scenario,log_diff,log_change_horizon,0.0483116986298042,0.04435949763888905,1.360819846028573,5.183743987082118,4.745448014918358,11
Import_Price_Index,2,LocalProjection_OLS,actual,log_diff,log_change_horizon,0.03488106710287336,0.030846351998966272,0.98251251167893,3.691524001378658,3.284602178857089,11
Import_Price_Index,2,LocalProjection_OLS,predicted,log_diff,log_change_horizon,0.03676474888663523,0.033384804370735426,1.0355711212423762,3.8707153478910303,3.5347037528411547,11
Import_Price_Index,2,LocalProjection_OLS,scenario,log_diff,log_change_horizon,0.04133773512609387,0.03855449775495307,1.1643807182295502,4.389597753549952,4.097902315580505,11
Import_Price_Index,2,LocalProjection_Ridge,actual,log_diff,log_change_horizon,0.035307598793889616,0.03137379588321362,0.9945268437466701,3.7418048161296276,3.3436264928468873,11
Import_Price_Index,2,LocalProjection_Ridge,predicted,log_diff,log_change_horizon,0.03704337286482025,0.03376708693192416,1.0434192625797145,3.90600273670244,3.578921210161953,11
Import_Price_Index,2,LocalProjection_Ridge,scenario,log_diff,log_change_horizon,0.041347842783590584,0.0385950835720305,1.1646654256877538,4.394461682428161,4.10470136883285,11
Import_Price_Index,3,LocalProjection_ElasticNet,actual,log_diff,log_change_horizon,0.06945890780674845,0.06395008985660695,1.6839149562689195,7.544799093952184,6.9428601548867785,11
Import_Price_Index,3,LocalProjection_ElasticNet,predicted,log_diff,log_change_horizon,0.06945890780674845,0.06395008985660695,1.6839149562689195,7.544799093952184,6.9428601548867785,11
Import_Price_Index,3,LocalProjection_ElasticNet,scenario,log_diff,log_change_horizon,0.06945890780674845,0.06395008985660695,1.6839149562689195,7.544799093952184,6.9428601548867785,11
Import_Price_Index,3,LocalProjection_OLS,actual,log_diff,log_change_horizon,0.048596445409456505,0.04379179626285029,1.1781394759930168,5.232070685328415,4.744521748880278,11
Import_Price_Index,3,LocalProjection_OLS,predicted,log_diff,log_change_horizon,0.05040714236587261,0.04483798259356494,1.2220367928737101,5.3669918190439825,4.827921245686556,11
Import_Price_Index,3,LocalProjection_OLS,scenario,log_diff,log_change_horizon,0.06303609135438923,0.05660975231890775,1.5282045221862377,6.744395932463692,6.1080350759485365,11
Import_Price_Index,3,LocalProjection_Ridge,actual,log_diff,log_change_horizon,0.049244890957441494,0.04458893320696076,1.193859952906013,5.309375061851275,4.834625431762389,11
Import_Price_Index,3,LocalProjection_Ridge,predicted,log_diff,log_change_horizon,0.050871219613951066,0.04552064262546484,1.233287568959589,5.427315673268853,4.9069017174862815,11
Import_Price_Index,3,LocalProjection_Ridge,scenario,log_diff,log_change_horizon,0.06299884657982407,0.056689879720897896,1.5273015849689175,6.750100057260392,6.121552383784162,11
Import_Price_Index,4,LocalProjection_ElasticNet,actual,log_diff,log_change_horizon,0.09194694207659035,0.08616362956789368,2.2881654687811355,10.218192321588369,9.529205385785485,11
Import_Price_Index,4,LocalProjection_ElasticNet,predicted,log_diff,log_change_horizon,0.09194694207659035,0.08616362956789368,2.2881654687811355,10.218192321588369,9.529205385785485,11
Import_Price_Index,4,LocalProjection_ElasticNet,scenario,log_diff,log_change_horizon,0.09194694207659035,0.08616362956789368,2.2881654687811355,10.218192321588369,9.529205385785485,11
Import_Price_Index,4,LocalProjection_OLS,actual,log_diff,log_change_horizon,0.067715184709105,0.0625188365968537,1.6851408417089595,7.547173081144865,6.948347331058707,11
Import_Price_Index,4,LocalProjection_OLS,predicted,log_diff,log_change_horizon,0.06805383406994318,0.06184339081488452,1.6935683734570983,7.512367009702704,6.856170593411701,11
Import_Price_Index,4,LocalProjection_OLS,scenario,log_diff,log_change_horizon,0.07476062313812355,0.06819200099173735,1.8604716201080411,8.240983041321218,7.545436560736676,11
Import_Price_Index,4,LocalProjection_Ridge,actual,log_diff,log_change_horizon,0.06853179479127204,0.06341403238936474,1.705462768129489,7.642244885579852,7.049201375957926,11
Import_Price_Index,4,LocalProjection_Ridge,predicted,log_diff,log_change_horizon,0.06879972717034032,0.06273401378684249,1.7121304571673879,7.603513291325665,6.957339989759533,11
Import_Price_Index,4,LocalProjection_Ridge,scenario,log_diff,log_change_horizon,0.07520398730279121,0.06877489809726141,1.8715050547038592,8.298671472397691,7.6125752669429065,11
Import_Price_Index,5,LocalProjection_ElasticNet,actual,log_diff,log_change_horizon,0.11501025621958834,0.10976582107056548,3.349748238042476,12.8761405460015,12.236959442445759,11
Import_Price_Index,5,LocalProjection_ElasticNet,predicted,log_diff,log_change_horizon,0.11501025621958834,0.10976582107056548,3.349748238042476,12.8761405460015,12.236959442445759,11
Import_Price_Index,5,LocalProjection_ElasticNet,scenario,log_diff,log_change_horizon,0.11501025621958834,0.10976582107056548,3.349748238042476,12.8761405460015,12.236959442445759,11
Import_Price_Index,5,LocalProjection_OLS,actual,log_diff,log_change_horizon,0.08745975702387081,0.08205667312301711,2.547322096483048,9.945645103074396,9.286868128142693,11
Import_Price_Index,5,LocalProjection_OLS,predicted,log_diff,log_change_horizon,0.08781675783276524,0.0822417483724671,2.5577199763755214,9.947657393638334,9.284614832274263,11
Import_Price_Index,5,LocalProjection_OLS,scenario,log_diff,log_change_horizon,0.09375860933070698,0.08855844986634417,2.73078025152123,10.5863490159932,9.961342195962594,11
Import_Price_Index,5,LocalProjection_Ridge,actual,log_diff,log_change_horizon,0.0884553663008501,0.08308777612198603,2.576319861821233,10.054679317738687,9.399003591734573,11
Import_Price_Index,5,LocalProjection_Ridge,predicted,log_diff,log_change_horizon,0.08876292064722101,0.08327097749769725,2.5852775814518303,10.052303408863446,9.397294883590801,11
Import_Price_Index,5,LocalProjection_Ridge,scenario,log_diff,log_change_horizon,0.09443625439687305,0.08929392899916588,2.750517103181433,10.661638218990136,10.041969975676011,11
Import_Price_Index,6,LocalProjection_ElasticNet,actual,log_diff,log_change_horizon,0.13545980892146214,0.13142082134697772,4.125871262795371,15.190853669188412,14.693258473988788,11
Import_Price_Index,6,LocalProjection_ElasticNet,predicted,log_diff,log_change_horizon,0.13545980892146214,0.13142082134697772,4.125871262795371,15.190853669188412,14.693258473988788,11
Import_Price_Index,6,LocalProjection_ElasticNet,scenario,log_diff,log_change_horizon,0.13545980892146214,0.13142082134697772,4.125871262795371,15.190853669188412,14.693258473988788,11
Import_Price_Index,6,LocalProjection_OLS,actual,log_diff,log_change_horizon,0.10285619290664703,0.09926005326425229,3.1328215645137756,11.77117060544051,11.302537701374787,11
Import_Price_Index,6,LocalProjection_OLS,predicted,log_diff,log_change_horizon,0.10364865913291244,0.09963496563270403,3.1569587137960395,11.847555906948411,11.328691249813302,11
Import_Price_Index,6,LocalProjection_OLS,scenario,log_diff,log_change_horizon,0.11638779741536515,0.11282819339056847,3.5449708110434357,13.20844932211269,12.740799267180101,11
Import_Price_Index,6,LocalProjection_Ridge,actual,log_diff,log_change_horizon,0.10404511071334341,0.10045202673974483,3.1690339425728524,11.899671974329559,11.43120515376251,11
Import_Price_Index,6,LocalProjection_Ridge,predicted,log_diff,log_change_horizon,0.10478307176427223,0.1008251509565974,3.1915109585773176,11.969501880472304,11.457364933107472,11
Import_Price_Index,6,LocalProjection_Ridge,scenario,log_diff,log_change_horizon,0.11693174736932774,0.11339864408320022,3.561538584919112,13.266308866360184,12.801949453853767,11
Imports,1,LocalProjection_ElasticNet,actual,log_diff,log_change_horizon,0.06490995664129921,0.0558464896368822,1.0022146114691508,3443596.406204725,2956104.8609095975,17
Imports,1,LocalProjection_ElasticNet,predicted,log_diff,log_change_horizon,0.06490995664129921,0.0558464896368822,1.0022146114691508,3443596.406204725,2956104.8609095975,17
Imports,1,LocalProjection_ElasticNet,scenario,log_diff,log_change_horizon,0.06490995664129921,0.0558464896368822,1.0022146114691508,3443596.406204725,2956104.8609095975,17
Imports,1,LocalProjection_OLS,actual,log_diff,log_change_horizon,0.06743498242569369,0.054499884066632455,1.041201199450422,3566121.195664181,2883625.4144312725,17
Imports,1,LocalProjection_OLS,predicted,log_diff,log_change_horizon,0.06503056314481621,0.05350295947673575,1.0040767849525027,3477655.629094895,2853093.8181015425,17
Imports,1,LocalProjection_OLS,scenario,log_diff,log_change_horizon,0.06541943603113219,0.053678347694617184,1.0100810115586576,3464227.509408995,2844745.188751788,17
Imports,1,LocalProjection_Ridge,actual,log_diff,log_change_horizon,0.06722858102306857,0.054352793716071775,1.0380143462734623,3554545.386996188,2875208.4118796834,17
Imports,1,LocalProjection_Ridge,predicted,log_diff,log_change_horizon,0.06488308472880737,0.05360528058709802,1.0017997071196336,3467747.8598345593,2857243.3966774945,17
Imports,1,LocalProjection_Ridge,scenario,log_diff,log_change_horizon,0.06523290450664225,0.0538083579577384,1.007200950794228,3453696.5067563653,2850614.3575847065,17
Imports,2,LocalProjection_ElasticNet,actual,log_diff,log_change_horizon,0.07226202712694511,0.06011524880794936,1.0134868428933115,3853644.2795718247,3203400.2597923353,17
Imports,2,LocalProjection_ElasticNet,predicted,log_diff,log_change_horizon,0.07226202712694511,0.06011524880794936,1.0134868428933115,3853644.2795718247,3203400.2597923353,17
Imports,2,LocalProjection_ElasticNet,scenario,log_diff,log_change_horizon,0.07226202712694511,0.06011524880794936,1.0134868428933115,3853644.2795718247,3203400.2597923353,17
Imports,2,LocalProjection_OLS,actual,log_diff,log_change_horizon,0.08140722394937462,0.0696003290634519,1.1417497359189899,4306690.77749717,3689723.9274376733,17
Imports,2,LocalProjection_OLS,predicted,log_diff,log_change_horizon,0.07701116541692644,0.06785643675806832,1.0800942903085553,4055810.2088050386,3593236.8306538328,17
Imports,2,LocalProjection_OLS,scenario,log_diff,log_change_horizon,0.07572990819055765,0.05867805943011309,1.0621244464927215,3918444.0438260026,3058603.9972969503,17
Imports,2,LocalProjection_Ridge,actual,log_diff,log_change_horizon,0.08079822793139586,0.06897813911158765,1.133208466373484,4275118.103892019,3656669.639169088,17
Imports,2,LocalProjection_Ridge,predicted,log_diff,log_change_horizon,0.0765855937410179,0.06733064152214531,1.0741255773981955,4033964.907146043,3565229.4038387593,17
Imports,2,LocalProjection_Ridge,scenario,log_diff,log_change_horizon,0.07525093333494016,0.058387837503976435,1.055406745183398,3896871.5844268347,3044958.0218128473,17
Imports,3,LocalProjection_ElasticNet,actual,log_diff,log_change_horizon,0.05193291115051843,0.04101021005559126,0.9984028386681995,2788974.663833233,2186999.1345745646,17
Imports,3,LocalProjection_ElasticNet,predicted,log_diff,log_change_horizon,0.05223469858198767,0.042287118452668124,1.0042046591627216,2791432.8819286707,2250183.0898067094,17
Imports,3,LocalProjection_ElasticNet,scenario,log_diff,log_change_horizon,0.05047038379528698,0.04314056374746661,0.9702859580477224,2677888.9518100643,2277042.2060520803,17
Imports,3,LocalProjection_OLS,actual,log_diff,log_change_horizon,0.06858872420563296,0.06138230744802103,1.318608478331964,3680735.3807525975,3276554.422009704,17
Imports,3,LocalProjection_OLS,predicted,log_diff,log_change_horizon,0.06576577875903908,0.05698947579636119,1.2643377531820479,3507119.5946062384,3031192.639488723,17
Imports,3,LocalProjection_OLS,scenario,log_diff,log_change_horizon,0.07311142202838322,0.05774165880621057,1.4055567014266608,3721646.398719075,2970076.810469311,17
Imports,3,LocalProjection_Ridge,actual,log_diff,log_change_horizon,0.06759798850143428,0.060520377686842416,1.2995617251743177,3627127.5728974855,3230432.104249805,17
Imports,3,LocalProjection_Ridge,predicted,log_diff,log_change_horizon,0.06494983147799943,0.05628154850679114,1.2486512826271337,3462419.6484413566,2993111.2316688756,17
Imports,3,LocalProjection_Ridge,scenario,log_diff,log_change_horizon,0.07172324370064787,0.05710356403477923,1.3788691702968983,3656821.2800571704,2940567.510975467,17
Imports,4,LocalProjection_ElasticNet,actual,log_diff,log_change_horizon,0.0574739211980795,0.046092985263170204,1.0109956603687444,3039512.8421320976,2441755.408658385,17
Imports,4,LocalProjection_ElasticNet,predicted,log_diff,log_change_horizon,0.05831052792394332,0.04644337310450037,1.0257120004348523,3089182.6894594976,2464258.8729099534,17
Imports,4,LocalProjection_ElasticNet,scenario,log_diff,log_change_horizon,0.05593497881862668,0.04398683421809924,0.9839248770508257,2950527.9480879144,2317277.4768733233,17
Imports,4,LocalProjection_OLS,actual,log_diff,log_change_horizon,0.08739657778162478,0.06722173715644425,1.5373504891685479,4745682.656788645,3631267.754398868,17
Imports,4,LocalProjection_OLS,predicted,log_diff,log_change_horizon,0.0878782514414466,0.06433791510950726,1.5458233751252148,4812120.269852374,3500682.7368344744,17
Imports,4,LocalProjection_OLS,scenario,log_diff,log_change_horizon,0.08728379920239857,0.07767563232523593,1.5353666562961168,4499086.522457313,4008951.1484505534,17
Imports,4,LocalProjection_Ridge,actual,log_diff,log_change_horizon,0.08527962284822814,0.06557578113739022,1.5001121694881476,4622544.993979708,3537799.8582015494,17
Imports,4,LocalProjection_Ridge,predicted,log_diff,log_change_horizon,0.08586087448858444,0.06270088154447859,1.510336683036774,4694182.9872569265,3408142.0939022615,17
Imports,4,LocalProjection_Ridge,scenario,log_diff,log_change_horizon,0.08514113999966053,0.07541872709665622,1.4976761853753735,4394244.315918577,3895421.1734585785,17
Imports,5,LocalProjection_ElasticNet,actual,log_diff,log_change_horizon,0.06493113310262016,0.05597303849496625,1.058058697685853,3457944.0723615023,2986144.0414990587,16
Imports,5,LocalProjection_ElasticNet,predicted,log_diff,log_change_horizon,0.06493113310262016,0.05597303849496625,1.058058697685853,3457944.0723615023,2986144.0414990587,16
Imports,5,LocalProjection_ElasticNet,scenario,log_diff,log_change_horizon,0.06493113310262016,0.05597303849496625,1.058058697685853,3457944.0723615023,2986144.0414990587,16
Imports,5,LocalProjection_OLS,actual,log_diff,log_change_horizon,0.10349816410970299,0.08473572797283796,1.6865119627239356,5622988.386439229,4599832.751024117,16
Imports,5,LocalProjection_OLS,predicted,log_diff,log_change_horizon,0.09758732494176312,0.08011211337511145,1.5901943028676557,5317599.344226039,4355110.167042476,16
Imports,5,LocalProjection_OLS,scenario,log_diff,log_change_horizon,0.09165180606035467,0.07424041232223849,1.4934744848440367,4667444.096393851,3837461.3612647997,16
Imports,5,LocalProjection_Ridge,actual,log_diff,log_change_horizon,0.10117026792792805,0.08277925230638086,1.6485786834980218,5486696.500798754,4487973.611166442,16
Imports,5,LocalProjection_Ridge,predicted,log_diff,log_change_horizon,0.09551798579019963,0.07845557471185945,1.5564742338783584,5195301.327522319,4259962.700378316,16
Imports,5,LocalProjection_Ridge,scenario,log_diff,log_change_horizon,0.08945309887523309,0.07219383222633344,1.457646352025138,4560420.9745473135,3734510.5419464093,16
Imports,6,LocalProjection_ElasticNet,actual,log_diff,log_change_horizon,0.07062555540544,0.057308035344215434,1.0774572172130474,3781705.0671393108,3070700.4601361,16
Imports,6,LocalProjection_ElasticNet,predicted,log_diff,log_change_horizon,0.07062555540544,0.057308035344215434,1.0774572172130474,3781705.0671393108,3070700.4601361,16
Imports,6,LocalProjection_ElasticNet,scenario,log_diff,log_change_horizon,0.07062555540544,0.057308035344215434,1.0774572172130474,3781705.0671393108,3070700.4601361,16
Imports,6,LocalProjection_OLS,actual,log_diff,log_change_horizon,0.10904726134386968,0.09188754654053836,1.6636153595929057,5995848.437155452,5051868.442102727,16
Imports,6,LocalProjection_OLS,predicted,log_diff,log_change_horizon,0.11115604179723167,0.10068088252742617,1.69578672739241,6145442.111401832,5514545.142904762,16
Imports,6,LocalProjection_OLS,scenario,log_diff,log_change_horizon,0.10264956301034946,0.07620900275714669,1.5660126405285217,5153025.841786594,3896268.8051803997,16
Imports,6,LocalProjection_Ridge,actual,log_diff,log_change_horizon,0.10626619996672308,0.08945825059674226,1.6211877335711748,5831064.875208972,4909382.029856549,16
Imports,6,LocalProjection_Ridge,predicted,log_diff,log_change_horizon,0.10848853332931206,0.09824128168268283,1.655091454495264,5985881.810503171,5372963.704235211,16
Imports,6,LocalProjection_Ridge,scenario,log_diff,log_change_horizon,0.09994928640023062,0.07467205692685015,1.524817459756605,5027912.831424437,3823065.881198867,16
Industrial_Production,1,LocalProjection_ElasticNet,actual,log_diff,log_change_horizon,0.01183126633797587,0.00979879837263511,1.0017863366796123,1.3684044878549448,1.1314563694913666,17
Industrial_Production,1,LocalProjection_ElasticNet,predicted,log_diff,log_change_horizon,0.01183126633797587,0.00979879837263511,1.0017863366796123,1.3684044878549448,1.1314563694913666,17
Industrial_Production,1,LocalProjection_ElasticNet,scenario,log_diff,log_change_horizon,0.01183126633797587,0.00979879837263511,1.0017863366796123,1.3684044878549448,1.1314563694913666,17
Industrial_Production,1,LocalProjection_OLS,actual,log_diff,log_change_horizon,0.014270162693375336,0.011964774248076867,1.2082944969747247,1.6477641216085985,1.3814148360547704,17
Industrial_Production,1,LocalProjection_OLS,predicted,log_diff,log_change_horizon,0.014496365570888289,0.012367934328216576,1.2274477258461538,1.6742337293311444,1.4274454625547053,17
Industrial_Production,1,LocalProjection_OLS,scenario,log_diff,log_change_horizon,0.016401821766603708,0.013310606785971346,1.3887880192247402,1.8858386953702506,1.5290491798117654,17
Industrial_Production,1,LocalProjection_Ridge,actual,log_diff,log_change_horizon,0.014080096505569302,0.011820789534307126,1.192201062462334,1.6258681255244385,1.3648327727314942,17
Industrial_Production,1,LocalProjection_Ridge,predicted,log_diff,log_change_horizon,0.01431512098356262,0.01223674549615618,1.2121012408636298,1.6534038057072766,1.4123507907914838,17
Industrial_Production,1,LocalProjection_Ridge,scenario,log_diff,log_change_horizon,0.01616280586408553,0.013096591770937156,1.3685498757706203,1.858821822224609,1.5047016344716315,17
Industrial_Production,2,LocalProjection_ElasticNet,actual,log_diff,log_change_horizon,0.010942381857511747,0.008988973127073212,1.0067282632538919,1.2698024341930978,1.0410099292270196,17
Industrial_Production,2,LocalProjection_ElasticNet,predicted,log_diff,log_change_horizon,0.010942381857511747,0.008988973127073212,1.0067282632538919,1.2698024341930978,1.0410099292270196,17
Industrial_Production,2,LocalProjection_ElasticNet,scenario,log_diff,log_change_horizon,0.010942381857511747,0.008988973127073212,1.0067282632538919,1.2698024341930978,1.0410099292270196,17
Industrial_Production,2,LocalProjection_OLS,actual,log_diff,log_change_horizon,0.014315234583383388,0.012796117045252025,1.3170396937215585,1.652318527553281,1.4770590359828706,17
Industrial_Production,2,LocalProjection_OLS,predicted,log_diff,log_change_horizon,0.015011949447487636,0.01283796972166184,1.3811393161123948,1.7357181878120385,1.482749073266631,17
Industrial_Production,2,LocalProjection_OLS,scenario,log_diff,log_change_horizon,0.020417591817663252,0.016089992508201884,1.8784728058372766,2.3440472641330454,1.8460563925893272,17
Industrial_Production,2,LocalProjection_Ridge,actual,log_diff,log_change_horizon,0.014068090874239403,0.012576625742537236,1.2943018144992349,1.6240397000751392,1.4518418128835964,17
Industrial_Production,2,LocalProjection_Ridge,predicted,log_diff,log_change_horizon,0.014784751487693943,0.012587611891753068,1.3602364989327043,1.7096692497300308,1.453922557095883,17
Industrial_Production,2,LocalProjection_Ridge,scenario,log_diff,log_change_horizon,0.020014912096060048,0.015812786472014846,1.841425199378646,2.2987530637860134,1.8148385978199548,17
Industrial_Production,3,LocalProjection_ElasticNet,actual,log_diff,log_change_horizon,0.010041758041455651,0.008157514764037385,1.0090621610875496,1.163390692247528,0.9436653731832787,17
Industrial_Production,3,LocalProjection_ElasticNet,predicted,log_diff,log_change_horizon,0.010041758041455651,0.008157514764037385,1.0090621610875496,1.163390692247528,0.9436653731832787,17
Industrial_Production,3,LocalProjection_ElasticNet,scenario,log_diff,log_change_horizon,0.010041758041455651,0.008157514764037385,1.0090621610875496,1.163390692247528,0.9436653731832787,17
Industrial_Production,3,LocalProjection_OLS,actual,log_diff,log_change_horizon,0.015679275115925175,0.013620105375295835,1.575557105383933,1.8115708953460368,1.5736328214008148,17
Industrial_Production,3,LocalProjection_OLS,predicted,log_diff,log_change_horizon,0.015680238472043077,0.01387828670395018,1.5756539097684057,1.8134775133363976,1.6043490615725318,17
Industrial_Production,3,LocalProjection_OLS,scenario,log_diff,log_change_horizon,0.020010907614118657,0.01535884737378059,2.0108281437439226,2.2954446733765175,1.760815986683977,17
Industrial_Production,3,LocalProjection_Ridge,actual,log_diff,log_change_horizon,0.015363229561518008,0.013305372528315677,1.54379876099686,1.7750639816957563,1.5372318896773185,17
Industrial_Production,3,LocalProjection_Ridge,predicted,log_diff,log_change_horizon,0.015399403206146616,0.013613957719093385,1.5474337276902084,1.7810428854793983,1.5737990607483352,17
Industrial_Production,3,LocalProjection_Ridge,scenario,log_diff,log_change_horizon,0.019557007894936834,0.015001529186696394,1.9652173025282893,2.2443509495056784,1.7204031568638891,17
Industrial_Production,4,LocalProjection_ElasticNet,actual,log_diff,log_change_horizon,0.013197464227405697,0.01048405770836134,1.011524574353267,1.5344723479396347,1.2165718432876331,17
Industrial_Production,4,LocalProjection_ElasticNet,predicted,log_diff,log_change_horizon,0.013197464227405697,0.01048405770836134,1.011524574353267,1.5344723479396347,1.2165718432876331,17
Industrial_Production,4,LocalProjection_ElasticNet,scenario,log_diff,log_change_horizon,0.013197464227405697,0.01048405770836134,1.011524574353267,1.5344723479396347,1.2165718432876331,17
Industrial_Production,4,LocalProjection_OLS,actual,log_diff,log_change_horizon,0.01846522423918095,0.014811358493490386,1.415274007721011,2.144924009101615,1.7163713442508963,17
Industrial_Production,4,LocalProjection_OLS,predicted,log_diff,log_change_horizon,0.017852348675440197,0.013991681162383843,1.3682999312573654,2.0735725967292873,1.6223336666724093,17
Industrial_Production,4,LocalProjection_OLS,scenario,log_diff,log_change_horizon,0.020899284532686368,0.0150918240658884,1.6018334679259087,2.405176810662219,1.7346405998907621,17
Industrial_Production,4,LocalProjection_Ridge,actual,log_diff,log_change_horizon,0.018171323319157183,0.014560568343483592,1.3927478619473608,2.110784200634913,1.687269952542336,17
Industrial_Production,4,LocalProjection_Ridge,predicted,log_diff,log_change_horizon,0.017603403188339677,0.013725651247025293,1.3492194114288967,2.044721674418931,1.5915351559413722,17
Industrial_Production,4,LocalProjection_Ridge,scenario,log_diff,log_change_horizon,0.02050816718222003,0.014765121978517174,1.5718561325351381,2.361199802571121,1.6976581304884488,17
Industrial_Production,5,LocalProjection_ElasticNet,actual,log_diff,log_change_horizon,0.011960293407756124,0.009616257792383476,1.0812729402748176,1.3866951269328547,1.11386086303958,16
Industrial_Production,5,LocalProjection_ElasticNet,predicted,log_diff,log_change_horizon,0.011960293407756124,0.009616257792383476,1.0812729402748176,1.3866951269328547,1.11386086303958,16
Industrial_Production,5,LocalProjection_ElasticNet,scenario,log_diff,log_change_horizon,0.011960293407756124,0.009616257792383476,1.0812729402748176,1.3866951269328547,1.11386086303958,16
Industrial_Production,5,LocalProjection_OLS,actual,log_diff,log_change_horizon,0.016549095868482973,0.01309102530155895,1.496124629935942,1.9232560656041249,1.5200975769911502,16
Industrial_Production,5,LocalProjection_OLS,predicted,log_diff,log_change_horizon,0.016667599812711695,0.014028578004592836,1.5068380049211458,1.9367240204721246,1.6281239819755287,16
Industrial_Production,5,LocalProjection_OLS,scenario,log_diff,log_change_horizon,0.016729038345227838,0.012398293452943425,1.5123923688848944,1.9317728713044564,1.4303083635490097,16
Industrial_Production,5,LocalProjection_Ridge,actual,log_diff,log_change_horizon,0.01632705037594485,0.012953169877047033,1.4760505586396837,1.897283415557548,1.503863837763995,16
Industrial_Production,5,LocalProjection_Ridge,predicted,log_diff,log_change_horizon,0.016474421846182304,0.013881616306181625,1.4893737086246948,1.91414959092288,1.6109268897944231,16
Industrial_Production,5,LocalProjection_Ridge,scenario,log_diff,log_change_horizon,0.016448081922424453,0.012144375314786985,1.48699244205896,1.8998373696478847,1.4013506693957587,16
Industrial_Production,6,LocalProjection_ElasticNet,actual,log_diff,log_change_horizon,0.011247933590245712,0.009290122646927006,1.4767511646692226,1.3050836814425861,1.078798434294177,16
Industrial_Production,6,LocalProjection_ElasticNet,predicted,log_diff,log_change_horizon,0.011247933590245712,0.009290122646927006,1.4767511646692226,1.3050836814425861,1.078798434294177,16
Industrial_Production,6,LocalProjection_ElasticNet,scenario,log_diff,log_change_horizon,0.011247933590245712,0.009290122646927006,1.4767511646692226,1.3050836814425861,1.078798434294177,16
Industrial_Production,6,LocalProjection_OLS,actual,log_diff,log_change_horizon,0.01773631284914511,0.013534441747134331,2.328616225083933,2.0709887982645796,1.5780862950525845,16
Industrial_Production,6,LocalProjection_OLS,predicted,log_diff,log_change_horizon,0.01665172559686239,0.013335923619133019,2.1862198039863836,1.941245602482186,1.552623264744383,16
Industrial_Production,6,LocalProjection_OLS,scenario,log_diff,log_change_horizon,0.013061465007067284,0.011637240808081595,1.7148513108398917,1.5113356951116315,1.3463332708338276,16
Industrial_Production,6,LocalProjection_Ridge,actual,log_diff,log_change_horizon,0.017429892523967448,0.013278245870657457,2.288386029159159,2.0347001403149045,1.5479281276273709,16
Industrial_Production,6,LocalProjection_Ridge,predicted,log_diff,log_change_horizon,0.01640403167069607,0.013157448500744576,2.1536998490086257,1.9120142566254401,1.5316576583924864,16
Industrial_Production,6,LocalProjection_Ridge,scenario,log_diff,log_change_horizon,0.012777588159821433,0.011355371572849857,1.677580868102171,1.4789348323936296,1.3139943868103519,16
KOSPI,1,LocalProjection_ElasticNet,actual,log_diff,log_change_horizon,0.07179063989633398,0.054750338942166514,1.163515057260955,291.7080508748155,199.08691223472644,17
KOSPI,1,LocalProjection_ElasticNet,predicted,log_diff,log_change_horizon,0.07181376530763958,0.05477814541858091,1.163889852140876,291.7896027367766,199.1754294522523,17
KOSPI,1,LocalProjection_ElasticNet,scenario,log_diff,log_change_horizon,0.0718773330582095,0.05481462980818218,1.1649200983547434,292.031674036679,199.30213064070898,17
KOSPI,1,LocalProjection_OLS,actual,log_diff,log_change_horizon,0.07153981236461573,0.05608954759448541,1.1594498809322413,297.9419096280296,207.59393469573456,17
KOSPI,1,LocalProjection_OLS,predicted,log_diff,log_change_horizon,0.075845043468435,0.058918464104841736,1.2292250106917089,317.39895807352696,216.3766488774704,17
KOSPI,1,LocalProjection_OLS,scenario,log_diff,log_change_horizon,0.09304483625104684,0.0754470231835111,1.5079830481355165,378.8285265163999,275.2786157449875,17
KOSPI,1,LocalProjection_Ridge,actual,log_diff,log_change_horizon,0.07118372840875979,0.055646385901084415,1.1536788076434992,296.4777455795298,205.75411694497356,17
KOSPI,1,LocalProjection_Ridge,predicted,log_diff,log_change_horizon,0.07542972876760742,0.05846437997366335,1.2224939812899305,315.48762192834,214.41489970340652,17
KOSPI,1,LocalProjection_Ridge,scenario,log_diff,log_change_horizon,0.09210651729678895,0.07452676486383025,1.4927756585180274,375.0579189371914,271.74567638107,17
KOSPI,2,LocalProjection_ElasticNet,actual,log_diff,log_change_horizon,0.12490309955931592,0.09831024953829057,1.253540881844196,506.89251635669933,362.4517856031687,17
KOSPI,2,LocalProjection_ElasticNet,predicted,log_diff,log_change_horizon,0.12490309955931592,0.09831024953829057,1.253540881844196,506.89251635669933,362.4517856031687,17
KOSPI,2,LocalProjection_ElasticNet,scenario,log_diff,log_change_horizon,0.12490309955931592,0.09831024953829057,1.253540881844196,506.89251635669933,362.4517856031687,17
KOSPI,2,LocalProjection_OLS,actual,log_diff,log_change_horizon,0.13060484757642862,0.10519783930886316,1.3107642354890796,536.8873023926687,388.4231883200938,17
KOSPI,2,LocalProjection_OLS,predicted,log_diff,log_change_horizon,0.13413079712069081,0.10628425735478966,1.3461510426751861,554.3313446501518,393.2000512552536,17
KOSPI,2,LocalProjection_OLS,scenario,log_diff,log_change_horizon,0.15842229116061246,0.1290149235476879,1.5899430780013843,638.395476103374,468.55715040456846,17
KOSPI,2,LocalProjection_Ridge,actual,log_diff,log_change_horizon,0.12975735119913254,0.10455976627391439,1.3022586710963322,533.6557827993321,386.16869306890953,17
KOSPI,2,LocalProjection_Ridge,predicted,log_diff,log_change_horizon,0.13329019594405989,0.10565083185444896,1.3377146792546548,550.8059406650088,390.84915418266996,17
KOSPI,2,LocalProjection_Ridge,scenario,log_diff,log_change_horizon,0.15689772131441662,0.12744059588136708,1.574642331773499,632.6585452652154,463.46774985098347,17
KOSPI,3,LocalProjection_ElasticNet,actual,log_diff,log_change_horizon,0.1586578736574343,0.131391694636722,1.2781117359594654,640.0964875137952,481.7679942167165,17
KOSPI,3,LocalProjection_ElasticNet,predicted,log_diff,log_change_horizon,0.1586578736574343,0.131391694636722,1.2781117359594654,640.0964875137952,481.7679942167165,17
KOSPI,3,LocalProjection_ElasticNet,scenario,log_diff,log_change_horizon,0.1586578736574343,0.131391694636722,1.2781117359594654,640.0964875137952,481.7679942167165,17
KOSPI,3,LocalProjection_OLS,actual,log_diff,log_change_horizon,0.16342797798785394,0.134180866636516,1.3165386112598625,666.9066696281952,493.6052249686784,17
KOSPI,3,LocalProjection_OLS,predicted,log_diff,log_change_horizon,0.1636284050805694,0.13268422346027156,1.3181532063221724,671.4524440317127,489.82779857182186,17
KOSPI,3,LocalProjection_OLS,scenario,log_diff,log_change_horizon,0.1860864977085586,0.1550131584532981,1.4990704913796653,747.8265238539361,559.5596141836751,17
KOSPI,3,LocalProjection_Ridge,actual,log_diff,log_change_horizon,0.16253424830322827,0.13364197057845417,1.3093389282415349,663.3048850390413,491.63452561343644,17
KOSPI,3,LocalProjection_Ridge,predicted,log_diff,log_change_horizon,0.16281206237172363,0.13202367974173157,1.3115769351754059,667.9434241881331,487.58183939946866,17
KOSPI,3,LocalProjection_Ridge,scenario,log_diff,log_change_horizon,0.1846242205043098,0.15369121576123065,1.4872907188862325,742.2821378291177,555.3565080075872,17
KOSPI,4,LocalProjection_ElasticNet,actual,log_diff,log_change_horizon,0.18929604768781969,0.15853904035837146,1.2279560741254851,742.5544445098733,570.6163878671425,17
KOSPI,4,LocalProjection_ElasticNet,predicted,log_diff,log_change_horizon,0.18929604768781969,0.15853904035837146,1.2279560741254851,742.5544445098733,570.6163878671425,17
KOSPI,4,LocalProjection_ElasticNet,scenario,log_diff,log_change_horizon,0.18929604768781969,0.15853904035837146,1.2279560741254851,742.5544445098733,570.6163878671425,17
KOSPI,4,LocalProjection_OLS,actual,log_diff,log_change_horizon,0.20038489354697267,0.1697500128322499,1.2998889844746975,798.1212558647251,608.787613370193,17
KOSPI,4,LocalProjection_OLS,predicted,log_diff,log_change_horizon,0.19563673288301056,0.16566420361339354,1.2690878515432193,779.3707119677856,594.3377893507718,17
KOSPI,4,LocalProjection_OLS,scenario,log_diff,log_change_horizon,0.22716745391192436,0.19215918942218463,1.4736264083801998,883.3310864763343,675.0107258106075,17
KOSPI,4,LocalProjection_Ridge,actual,log_diff,log_change_horizon,0.19914910072602793,0.16866128535602526,1.2918724446716987,793.393953463625,605.3299285092899,17
KOSPI,4,LocalProjection_Ridge,predicted,log_diff,log_change_horizon,0.19464323430326835,0.1647874125852715,1.2626430650274363,775.4008728292824,591.5263756379192,17
KOSPI,4,LocalProjection_Ridge,scenario,log_diff,log_change_horizon,0.22525755528020008,0.19053557536483826,1.461236970489465,876.632419730478,670.0949239846202,17
KOSPI,5,LocalProjection_ElasticNet,actual,log_diff,log_change_horizon,0.2347864950466406,0.1969718135597167,1.265771463385164,907.3959047206671,700.5991655129365,16
KOSPI,5,LocalProjection_ElasticNet,predicted,log_diff,log_change_horizon,0.2347864950466406,0.1969718135597167,1.265771463385164,907.3959047206671,700.5991655129365,16
KOSPI,5,LocalProjection_ElasticNet,scenario,log_diff,log_change_horizon,0.2347864950466406,0.1969718135597167,1.265771463385164,907.3959047206671,700.5991655129365,16
KOSPI,5,LocalProjection_OLS,actual,log_diff,log_change_horizon,0.2448761488527983,0.21220789289484737,1.320166397219552,952.1150111010691,747.5900000560495,16
KOSPI,5,LocalProjection_OLS,predicted,log_diff,log_change_horizon,0.2385924999622512,0.20951257195636497,1.286290243269529,924.8301052001025,735.6715658401392,16
KOSPI,5,LocalProjection_OLS,scenario,log_diff,log_change_horizon,0.27458268665035795,0.23074037831183375,1.4803190832275535,1036.669951150593,800.1146331075565,16
KOSPI,5,LocalProjection_Ridge,actual,log_diff,log_change_horizon,0.24374981083863542,0.2111456739365091,1.3140941292376562,948.5153891703773,744.4726369447491,16
KOSPI,5,LocalProjection_Ridge,predicted,log_diff,log_change_horizon,0.2379121186443743,0.20862676062106505,1.2826221990056632,922.7894730739808,733.1548832784961,16
KOSPI,5,LocalProjection_Ridge,scenario,log_diff,log_change_horizon,0.2728135456371234,0.22918457770157064,1.4707813616954364,1031.4364644775524,795.7535179575159,16
KOSPI,6,LocalProjection_ElasticNet,actual,log_diff,log_change_horizon,0.26990011378861456,0.22668743487948836,1.2298615247306488,1026.0152737477213,794.50973884373,16
KOSPI,6,LocalProjection_ElasticNet,predicted,log_diff,log_change_horizon,0.26990011378861456,0.22668743487948836,1.2298615247306488,1026.0152737477213,794.50973884373,16
KOSPI,6,LocalProjection_ElasticNet,scenario,log_diff,log_change_horizon,0.26990011378861456,0.22668743487948836,1.2298615247306488,1026.0152737477213,794.50973884373,16
KOSPI,6,LocalProjection_OLS,actual,log_diff,log_change_horizon,0.2732455794625358,0.23972976337080248,1.2451059033154066,1038.0672969405816,829.7883002089179,16
KOSPI,6,LocalProjection_OLS,predicted,log_diff,log_change_horizon,0.26601409946621946,0.23299649439194736,1.2121540127456443,1008.9091035162069,807.6898390171866,16
KOSPI,6,LocalProjection_OLS,scenario,log_diff,log_change_horizon,0.29854831116077685,0.2527223138619695,1.3604035804798613,1107.9761758896834,864.0958653680376,16
KOSPI,6,LocalProjection_Ridge,actual,log_diff,log_change_horizon,0.272531930577803,0.23885683736535412,1.2418539991454542,1036.1455096858506,827.4653265948423,16
KOSPI,6,LocalProjection_Ridge,predicted,log_diff,log_change_horizon,0.26577848442511476,0.23247887657105862,1.2110803789867144,1008.6022536386129,806.4176306313565,16
KOSPI,6,LocalProjection_Ridge,scenario,log_diff,log_change_horizon,0.2972481320454391,0.2516113899990382,1.354479017326603,1104.5600153940386,861.2174888922347,16
Trade_Balance,1,LocalProjection_ElasticNet,actual,diff,unit_delta_horizon,1485.2599102622466,1020.8906517442556,1.0986060970997242,1485.2599102622466,1020.8906517442556,17
Trade_Balance,1,LocalProjection_ElasticNet,predicted,diff,unit_delta_horizon,1400.2966690636363,979.0612444100616,1.0357611134270235,1400.2966690636363,979.0612444100616,17
Trade_Balance,1,LocalProjection_ElasticNet,scenario,diff,unit_delta_horizon,1280.1761581903627,953.5763093510759,0.9469112597951352,1280.1761581903627,953.5763093510759,17
Trade_Balance,1,LocalProjection_OLS,actual,diff,unit_delta_horizon,1492.071556678022,1025.254984523503,1.1036444854868026,1492.071556678022,1025.254984523503,17
Trade_Balance,1,LocalProjection_OLS,predicted,diff,unit_delta_horizon,1269.6195088912998,949.1526760011924,0.9391027952935611,1269.6195088912998,949.1526760011924,17
Trade_Balance,1,LocalProjection_OLS,scenario,diff,unit_delta_horizon,1201.6826492540788,1020.5087166485171,0.8888517599699988,1201.6826492540788,1020.5087166485171,17
Trade_Balance,1,LocalProjection_Ridge,actual,diff,unit_delta_horizon,1491.3694778603551,1023.7800962894961,1.1031251770045605,1491.3694778603551,1023.7800962894961,17
Trade_Balance,1,LocalProjection_Ridge,predicted,diff,unit_delta_horizon,1274.9722258099453,950.5060050102447,0.9430620534693469,1274.9722258099453,950.5060050102447,17
Trade_Balance,1,LocalProjection_Ridge,scenario,diff,unit_delta_horizon,1198.0413983432895,1014.906844712109,0.8861584263493824,1198.0413983432895,1014.906844712109,17
Trade_Balance,2,LocalProjection_ElasticNet,actual,diff,unit_delta_horizon,2378.6960059745293,1465.7025501264307,1.1561404919375857,2378.6960059745293,1465.7025501264307,17
Trade_Balance,2,LocalProjection_ElasticNet,predicted,diff,unit_delta_horizon,2378.6178497314504,1459.6975102939148,1.1561025049072573,2378.6178497314504,1459.6975102939148,17
Trade_Balance,2,LocalProjection_ElasticNet,scenario,diff,unit_delta_horizon,2345.970530321609,1435.9714874208155,1.1402346143369053,2345.970530321609,1435.9714874208155,17
Trade_Balance,2,LocalProjection_OLS,actual,diff,unit_delta_horizon,2262.5031574909517,1575.9625357047753,1.0996661645464332,2262.5031574909517,1575.9625357047753,17
Trade_Balance,2,LocalProjection_OLS,predicted,diff,unit_delta_horizon,2227.331617418422,1493.9678297941286,1.0825714027359605,2227.331617418422,1493.9678297941286,17
Trade_Balance,2,LocalProjection_OLS,scenario,diff,unit_delta_horizon,1947.517646390573,1280.8494137421153,0.9465707278693081,1947.517646390573,1280.8494137421153,17
Trade_Balance,2,LocalProjection_Ridge,actual,diff,unit_delta_horizon,2265.4041626712474,1567.7833280271877,1.1010761679885865,2265.4041626712474,1567.7833280271877,17
Trade_Balance,2,LocalProjection_Ridge,predicted,diff,unit_delta_horizon,2232.473973155744,1491.2247717639657,1.0850707913408655,2232.473973155744,1491.2247717639657,17
Trade_Balance,2,LocalProjection_Ridge,scenario,diff,unit_delta_horizon,1959.080263226321,1282.8587899263061,0.9521906177093681,1959.080263226321,1282.8587899263061,17
Trade_Balance,3,LocalProjection_ElasticNet,actual,diff,unit_delta_horizon,3059.569627938069,1856.7812663550174,1.1664616101033947,3059.569627938069,1856.7812663550174,17
Trade_Balance,3,LocalProjection_ElasticNet,predicted,diff,unit_delta_horizon,3062.481017128211,1847.5983273264258,1.167571577888197,3062.481017128211,1847.5983273264258,17
Trade_Balance,3,LocalProjection_ElasticNet,scenario,diff,unit_delta_horizon,3019.5908180123843,1834.2067423264982,1.1512196798102903,3019.5908180123843,1834.2067423264982,17
Trade_Balance,3,LocalProjection_OLS,actual,diff,unit_delta_horizon,2999.9603632023577,2028.7180476551816,1.1437355644903857,2999.9603632023577,2028.7180476551816,17
Trade_Balance,3,LocalProjection_OLS,predicted,diff,unit_delta_horizon,3003.2890156391313,1917.3004042047726,1.1450046139819936,3003.2890156391313,1917.3004042047726,17
Trade_Balance,3,LocalProjection_OLS,scenario,diff,unit_delta_horizon,2626.2605533168407,1718.7640135073593,1.0012624277609685,2626.2605533168407,1718.7640135073593,17
Trade_Balance,3,LocalProjection_Ridge,actual,diff,unit_delta_horizon,3001.838047813825,2016.0731498802184,1.1444514321716304,3001.838047813825,2016.0731498802184,17
Trade_Balance,3,LocalProjection_Ridge,predicted,diff,unit_delta_horizon,3006.684688202997,1911.691855820388,1.1462992149121578,3006.684688202997,1911.691855820388,17
Trade_Balance,3,LocalProjection_Ridge,scenario,diff,unit_delta_horizon,2639.028254139532,1717.1574374951113,1.0061301165767291,2639.028254139532,1717.1574374951113,17
Trade_Balance,4,LocalProjection_ElasticNet,actual,diff,unit_delta_horizon,3478.529370598075,2198.127301790122,1.1613913933158053,3478.529370598075,2198.127301790122,16
Trade_Balance,4,LocalProjection_ElasticNet,predicted,diff,unit_delta_horizon,3488.501015885229,2185.0169945339844,1.1647206689319856,3488.501015885229,2185.0169945339844,16
Trade_Balance,4,LocalProjection_ElasticNet,scenario,diff,unit_delta_horizon,3369.8538394131133,2088.261917849592,1.1251074315792575,3369.8538394131133,2088.261917849592,16
Trade_Balance,4,LocalProjection_OLS,actual,diff,unit_delta_horizon,3451.2780680980677,2362.342558942469,1.152292885064684,3451.2780680980677,2362.342558942469,16
Trade_Balance,4,LocalProjection_OLS,predicted,diff,unit_delta_horizon,3501.3727445900936,2230.6847575674615,1.1690182077313649,3501.3727445900936,2230.6847575674615,16
Trade_Balance,4,LocalProjection_OLS,scenario,diff,unit_delta_horizon,2983.8391067651737,1950.503215730301,0.9962270512726401,2983.8391067651737,1950.503215730301,16
Trade_Balance,4,LocalProjection_Ridge,actual,diff,unit_delta_horizon,3452.362837267926,2355.193557684438,1.152655061560377,3452.362837267926,2355.193557684438,16
Trade_Balance,4,LocalProjection_Ridge,predicted,diff,unit_delta_horizon,3501.764505421841,2226.797200310406,1.169149006586213,3501.764505421841,2226.797200310406,16
Trade_Balance,4,LocalProjection_Ridge,scenario,diff,unit_delta_horizon,2994.7979435760035,1952.1157199942836,0.9998859247208358,2994.7979435760035,1952.1157199942836,16
Trade_Balance,5,LocalProjection_ElasticNet,actual,diff,unit_delta_horizon,3398.531114757463,2112.93975148569,1.1476922427090086,3398.531114757463,2112.93975148569,16
Trade_Balance,5,LocalProjection_ElasticNet,predicted,diff,unit_delta_horizon,3411.0880175666125,2125.071971973637,1.1519327394000445,3411.0880175666125,2125.071971973637,16
Trade_Balance,5,LocalProjection_ElasticNet,scenario,diff,unit_delta_horizon,3337.598964694476,2105.338126520526,1.1271153070866722,3337.598964694476,2105.338126520526,16
Trade_Balance,5,LocalProjection_OLS,actual,diff,unit_delta_horizon,3535.129703351009,2265.2592967473215,1.1938219190898,3535.129703351009,2265.2592967473215,16
Trade_Balance,5,LocalProjection_OLS,predicted,diff,unit_delta_horizon,3637.7419106096004,2224.000421538518,1.228474311638614,3637.7419106096004,2224.000421538518,16
Trade_Balance,5,LocalProjection_OLS,scenario,diff,unit_delta_horizon,3241.280958069695,2085.5595135301855,1.094588481436484,3241.280958069695,2085.5595135301855,16
Trade_Balance,5,LocalProjection_Ridge,actual,diff,unit_delta_horizon,3530.0934075944824,2247.487173177133,1.1921211497348705,3530.0934075944824,2247.487173177133,16
Trade_Balance,5,LocalProjection_Ridge,predicted,diff,unit_delta_horizon,3629.9072413871827,2216.107327801824,1.225828524742118,3629.9072413871827,2216.107327801824,16
Trade_Balance,5,LocalProjection_Ridge,scenario,diff,unit_delta_horizon,3240.686952233393,2078.2210902531124,1.0943878842174422,3240.686952233393,2078.2210902531124,16
Trade_Balance,6,LocalProjection_ElasticNet,actual,diff,unit_delta_horizon,3407.027592628611,2207.8713577425024,1.1670076463822485,3407.027592628611,2207.8713577425024,16
Trade_Balance,6,LocalProjection_ElasticNet,predicted,diff,unit_delta_horizon,3411.8097375987318,2206.5303226792953,1.1686456723725027,3411.8097375987318,2206.5303226792953,16
Trade_Balance,6,LocalProjection_ElasticNet,scenario,diff,unit_delta_horizon,3326.441011022835,2124.550937548081,1.1394043604173147,3326.441011022835,2124.550937548081,16
Trade_Balance,6,LocalProjection_OLS,actual,diff,unit_delta_horizon,3805.3177490428047,2473.9825328318566,1.3034337965607197,3805.3177490428047,2473.9825328318566,16
Trade_Balance,6,LocalProjection_OLS,predicted,diff,unit_delta_horizon,3858.3292439955253,2449.2907862268803,1.3215918003555314,3858.3292439955253,2449.2907862268803,16
Trade_Balance,6,LocalProjection_OLS,scenario,diff,unit_delta_horizon,3454.3681875428438,2274.486908733424,1.1832231993084195,3454.3681875428438,2274.486908733424,16
Trade_Balance,6,LocalProjection_Ridge,actual,diff,unit_delta_horizon,3789.020074022362,2459.27851800604,1.2978513611826616,3789.020074022362,2459.27851800604,16
Trade_Balance,6,LocalProjection_Ridge,predicted,diff,unit_delta_horizon,3839.940355085926,2437.7778751529495,1.3152930624138703,3839.940355085926,2437.7778751529495,16
Trade_Balance,6,LocalProjection_Ridge,scenario,diff,unit_delta_horizon,3442.0084112488203,2246.368604592629,1.1789896106301514,3442.0084112488203,2246.368604592629,16
